"CURRENT.BUILDING.EVAL.SCORE","PROPERTY.TYPE","YEAR.BUILT","CONFIRMED.UNITS","CONFIRMED.STOREYS","BUILDING.CLEANLINESS","BUILDING.EXTERIOR","COMMON.AREA.PESTS"
93,"PRIVATE",1966,90,7,3,2,3
94,"PRIVATE",2018,369,31,2,3,3
93,"PRIVATE",1940,14,3,3,2,3
94,"PRIVATE",1940,14,3,3,2,3
91,"TCHC",1979,180,7,3,2,2
94,"TCHC",1979,180,7,1,2,3
73,"TCHC",1992,26,4,2,1,3
91,"PRIVATE",1958,42,4,3,2,3
87,"SOCIAL HOUSING",1996,132,11,2,2,3
95,"SOCIAL HOUSING",1996,132,11,3,3,3
87,"PRIVATE",1958,22,4,3,2,3
74,"PRIVATE",1955,47,4,3,2,3
90,"PRIVATE",1955,47,4,3,2,3
92,"PRIVATE",1957,28,3,3,3,3
95,"PRIVATE",1957,28,3,3,3,3
96,"PRIVATE",1960,45,4,3,3,3
95,"PRIVATE",1960,45,4,3,3,3
82,"PRIVATE",1959,187,9,2,2,3
95,"PRIVATE",1959,187,9,3,2,3
95,"PRIVATE",1961,71,6,3,3,3
95,"PRIVATE",1961,93,9,3,2,3
73,"SOCIAL HOUSING",1992,89,7,1,1,3
74,"PRIVATE",1957,22,3,3,1,2
69,"PRIVATE",1955,11,3,2,1,3
83,"PRIVATE",1958,10,3,1,3,3
84,"PRIVATE",2002,15,3,3,2,3
82,"PRIVATE",1957,47,4,3,1,3
78,"PRIVATE",1957,47,4,3,2,3
84,"PRIVATE",1957,47,4,3,2,3
67,"PRIVATE",1954,17,3,2,2,3
75,"PRIVATE",1950,12,3,2,1,3
79,"PRIVATE",1950,12,3,3,2,3
81,"PRIVATE",1960,11,3,2,2,3
92,"SOCIAL HOUSING",1954,12,3,3,2,3
97,"SOCIAL HOUSING",1954,12,3,3,3,3
89,"PRIVATE",1958,11,3,3,3,3
99,"PRIVATE",1958,11,3,3,3,3
83,"PRIVATE",1953,12,3,3,2,3
82,"PRIVATE",1950,10,3,3,3,3
92,"PRIVATE",1950,10,3,3,3,3
83,"PRIVATE",1954,12,3,3,2,3
69,"PRIVATE",1950,12,3,2,2,3
96,"PRIVATE",1950,12,3,3,3,3
86,"PRIVATE",1950,10,3,3,3,3
89,"PRIVATE",1950,10,3,3,3,3
82,"PRIVATE",1960,12,3,3,3,3
90,"PRIVATE",1960,12,3,3,3,3
84,"PRIVATE",1950,12,3,2,2,3
88,"PRIVATE",1950,12,3,3,3,3
86,"PRIVATE",1958,34,3,3,2,3
83,"PRIVATE",1967,57,8,3,1,3
85,"PRIVATE",1977,95,12,2,3,3
86,"PRIVATE",1977,95,12,3,2,3
79,"PRIVATE",1955,12,3,3,2,3
84,"PRIVATE",1955,12,3,3,2,3
83,"PRIVATE",1955,12,3,3,2,3
83,"PRIVATE",1955,12,3,3,2,3
94,"PRIVATE",1954,29,4,3,2,3
74,"PRIVATE",1958,26,4,3,2,3
93,"PRIVATE",1958,26,4,3,3,3
80,"PRIVATE",1958,23,3,3,2,3
83,"PRIVATE",1955,39,4,3,2,3
90,"PRIVATE",1950,12,3,3,3,3
88,"PRIVATE",1950,12,3,2,3,3
78,"PRIVATE",1956,11,3,3,2,3
91,"PRIVATE",1956,11,3,3,2,3
95,"PRIVATE",1955,11,3,3,3,3
68,"PRIVATE",1984,11,3,2,3,3
91,"PRIVATE",1984,11,3,3,3,3
90,"PRIVATE",1954,11,3,3,3,3
91,"PRIVATE",1954,11,3,3,3,3
96,"PRIVATE",1965,11,3,3,3,3
98,"PRIVATE",1965,11,3,3,3,3
85,"PRIVATE",1954,11,3,3,2,3
87,"PRIVATE",1968,10,3,2,1,3
93,"PRIVATE",1958,12,3,3,2,3
82,"PRIVATE",1953,11,3,3,2,3
83,"PRIVATE",1955,21,3,3,2,3
88,"PRIVATE",1955,21,3,3,2,3
91,"PRIVATE",1955,21,3,3,3,3
84,"PRIVATE",1953,21,3,2,2,3
91,"PRIVATE",1960,33,3,2,3,3
87,"PRIVATE",1965,27,4,3,2,3
90,"PRIVATE",1962,41,4,3,1,3
94,"PRIVATE",1962,41,4,2,2,3
93,"PRIVATE",1950,54,4,3,2,3
94,"PRIVATE",1950,54,4,3,2,3
80,"PRIVATE",1955,12,3,3,2,3
91,"PRIVATE",1955,12,3,3,2,3
50,"PRIVATE",1972,11,3,1,1,3
74,"PRIVATE",1972,11,3,2,2,3
65,"PRIVATE",1957,12,3,1,1,3
72,"PRIVATE",1957,12,3,2,2,3
87,"PRIVATE",1963,12,3,2,2,3
86,"PRIVATE",1963,12,3,3,3,3
89,"PRIVATE",1945,11,3,3,3,3
88,"PRIVATE",1955,11,3,3,2,3
80,"PRIVATE",1969,11,3,3,3,2
67,"PRIVATE",1960,11,3,3,1,3
82,"PRIVATE",1960,11,3,3,2,3
77,"PRIVATE",1955,11,3,2,2,3
77,"PRIVATE",1959,30,3,2,1,2
58,"PRIVATE",1950,11,3,1,2,1
50,"PRIVATE",1968,12,3,1,1,3
71,"PRIVATE",1968,12,3,2,2,3
80,"PRIVATE",1954,12,3,3,2,3
88,"PRIVATE",1954,12,3,3,3,3
92,"PRIVATE",1960,11,3,3,2,3
92,"PRIVATE",1960,11,3,3,2,3
75,"PRIVATE",1965,41,4,2,2,3
84,"PRIVATE",1965,41,4,2,1,3
84,"PRIVATE",1954,11,3,3,2,3
76,"PRIVATE",1952,11,3,2,2,3
84,"PRIVATE",1952,11,3,3,2,3
77,"PRIVATE",1954,12,4,3,2,3
87,"PRIVATE",1954,12,4,3,2,3
71,"PRIVATE",1955,31,4,1,2,3
85,"PRIVATE",1959,39,3,3,2,3
80,"PRIVATE",1963,59,4,3,1,3
89,"PRIVATE",1965,258,11,3,3,3
94,"PRIVATE",1965,258,11,3,3,3
85,"PRIVATE",1967,141,9,3,2,3
91,"PRIVATE",1967,61,9,3,2,3
81,"SOCIAL HOUSING",1994,59,4,3,2,3
86,"SOCIAL HOUSING",1994,59,4,3,3,3
81,"TCHC",1970,238,3,2,1,3
98,"TCHC",1970,238,3,3,3,3
77,"PRIVATE",1962,57,3,3,3,3
93,"PRIVATE",1962,57,3,3,3,3
77,"PRIVATE",1972,92,9,2,2,2
84,"PRIVATE",1972,92,9,2,1,3
86,"PRIVATE",1958,50,4,2,2,3
94,"PRIVATE",1958,50,4,3,3,3
98,"PRIVATE",2016,79,8,3,3,3
99,"PRIVATE",2016,79,8,3,3,3
93,"PRIVATE",1955,32,3,3,2,3
89,"PRIVATE",1955,32,3,3,1,3
90,"PRIVATE",1958,52,4,3,1,3
94,"SOCIAL HOUSING",1992,59,5,3,3,3
82,"TCHC",1965,221,7,1,2,2
86,"TCHC",1965,194,11,1,1,1
83,"TCHC",1965,58,7,2,2,3
81,"PRIVATE",1927,20,3,2,2,3
89,"PRIVATE",1927,20,3,3,2,3
86,"PRIVATE",1961,31,4,2,2,3
94,"PRIVATE",1961,31,4,3,3,3
81,"PRIVATE",1967,25,4,3,2,3
92,"PRIVATE",1967,25,4,3,3,3
95,"PRIVATE",1955,18,3,3,3,3
96,"PRIVATE",1954,18,3,3,3,3
93,"PRIVATE",1971,71,6,3,2,3
93,"PRIVATE",1971,71,6,3,2,3
89,"TCHC",1969,192,11,2,2,3
97,"TCHC",1969,192,11,2,3,3
93,"PRIVATE",1957,49,4,3,2,3
92,"PRIVATE",1958,79,6,3,3,3
94,"PRIVATE",1958,79,6,3,2,3
84,"PRIVATE",1958,79,6,2,1,3
86,"PRIVATE",1958,79,6,2,1,3
94,"PRIVATE",1957,49,4,3,2,3
96,"PRIVATE",1957,49,4,3,2,3
85,"PRIVATE",1965,186,14,2,2,3
86,"PRIVATE",1960,57,5,2,2,3
92,"PRIVATE",1960,57,5,3,3,2
95,"PRIVATE",1969,34,5,3,2,3
86,"PRIVATE",1969,33,5,3,3,3
94,"PRIVATE",1969,33,5,3,2,3
85,"PRIVATE",1961,62,6,3,2,3
91,"PRIVATE",1961,62,6,3,1,3
75,"PRIVATE",1961,59,6,1,1,3
83,"PRIVATE",1961,59,6,2,1,3
90,"PRIVATE",1954,50,6,3,1,3
93,"PRIVATE",1954,50,6,3,2,3
92,"PRIVATE",1967,54,7,3,2,2
84,"PRIVATE",1957,34,5,3,2,2
91,"PRIVATE",1961,82,6,3,2,3
97,"PRIVATE",1965,32,4,3,2,3
89,"PRIVATE",1960,29,4,3,1,3
89,"PRIVATE",1960,29,4,3,1,3
77,"PRIVATE",1961,77,7,1,1,3
89,"PRIVATE",1961,77,7,2,1,3
91,"PRIVATE",1960,136,18,3,2,2
80,"PRIVATE",1956,13,3,2,2,3
98,"PRIVATE",1956,13,3,3,3,3
90,"PRIVATE",1950,31,4,2,2,3
95,"PRIVATE",1950,31,4,3,3,3
81,"PRIVATE",1955,17,3,2,2,3
89,"PRIVATE",1980,94,8,3,2,3
89,"TCHC",1962,31,3,3,3,3
93,"SOCIAL HOUSING",1994,119,12,3,3,3
94,"SOCIAL HOUSING",1994,119,12,3,3,3
91,"PRIVATE",1974,420,27,3,3,3
95,"PRIVATE",1974,420,27,3,3,3
87,"PRIVATE",1963,74,7,2,2,3
72,"PRIVATE",1970,16,4,2,1,3
95,"PRIVATE",1970,16,4,2,2,3
78,"PRIVATE",1970,16,4,2,1,3
72,"PRIVATE",1970,16,3,1,1,3
78,"PRIVATE",1970,16,3,2,1,3
74,"PRIVATE",1970,16,3,2,1,3
91,"PRIVATE",1970,16,3,2,2,3
78,"PRIVATE",1970,16,3,1,1,3
78,"SOCIAL HOUSING",1959,94,4,2,2,3
86,"PRIVATE",1954,60,4,3,3,3
82,"PRIVATE",1950,62,4,2,2,3
94,"PRIVATE",1960,44,4,3,2,3
30,"PRIVATE",1934,15,3,0,2,0
92,"PRIVATE",1934,15,3,3,2,3
28,"TCHC",1954,36,3,0,3,0
96,"TCHC",1954,36,3,2,3,3
88,"PRIVATE",1920,15,3,3,1,3
95,"PRIVATE",1958,38,4,3,3,3
88,"PRIVATE",1958,115,9,3,2,3
87,"PRIVATE",1950,75,7,2,2,3
96,"PRIVATE",1950,75,7,3,2,3
70,"TCHC",1992,108,5,3,2,3
93,"TCHC",1992,108,5,3,2,3
83,"TCHC",1954,90,3,2,2,3
80,"SOCIAL HOUSING",1985,138,7,1,2,3
89,"PRIVATE",1950,15,4,3,3,3
82,"PRIVATE",1940,15,4,2,2,3
97,"TCHC",2014,128,8,3,3,3
99,"TCHC",2014,128,8,3,3,3
94,"PRIVATE",2019,506,35,2,3,3
81,"SOCIAL HOUSING",1987,39,3,2,2,3
89,"SOCIAL HOUSING",1987,39,3,3,2,3
89,"PRIVATE",1972,189,14,3,3,3
90,"SOCIAL HOUSING",1920,10,3,3,3,3
90,"PRIVATE",1890,16,4,3,2,3
95,"SOCIAL HOUSING",1976,136,11,3,3,3
81,"PRIVATE",1916,18,3,2,2,3
98,"PRIVATE",1967,77,7,3,3,3
93,"TCHC",1992,59,6,3,2,3
85,"PRIVATE",1917,48,3,3,2,3
87,"PRIVATE",1917,48,3,2,2,3
77,"PRIVATE",1960,44,4,2,2,3
89,"PRIVATE",1960,44,4,3,2,3
82,"PRIVATE",1952,15,3,3,1,3
70,"PRIVATE",1900,15,3,2,2,3
87,"PRIVATE",1900,15,3,3,2,3
76,"PRIVATE",1910,18,3,1,3,2
98,"PRIVATE",1954,16,4,3,3,3
98,"PRIVATE",1954,16,4,3,3,3
99,"PRIVATE",1954,16,4,3,3,3
61,"PRIVATE",1950,16,3,2,1,3
92,"PRIVATE",1953,16,4,3,2,3
94,"PRIVATE",1958,19,4,3,2,3
86,"PRIVATE",1963,74,7,3,2,3
91,"TCHC",1973,162,12,2,1,3
78,"PRIVATE",1970,266,20,1,1,3
83,"PRIVATE",1970,271,22,2,2,3
68,"PRIVATE",1964,80,7,2,1,1
83,"PRIVATE",1964,80,7,3,1,3
82,"SOCIAL HOUSING",1977,194,11,3,3,3
93,"PRIVATE",1962,68,7,3,2,3
92,"PRIVATE",1958,18,3,3,3,3
77,"PRIVATE",1972,13,3,1,2,3
89,"PRIVATE",1950,16,3,3,2,3
98,"PRIVATE",1950,16,3,3,2,3
89,"PRIVATE",1960,18,3,3,2,3
94,"PRIVATE",1960,18,3,3,3,3
85,"PRIVATE",1955,52,6,3,1,3
98,"SOCIAL HOUSING",1992,80,5,3,3,3
100,"SOCIAL HOUSING",1992,80,5,3,3,3
88,"TCHC",1984,237,14,2,2,3
94,"TCHC",1984,237,14,3,2,3
83,"PRIVATE",1969,267,28,3,3,2
89,"PRIVATE",1967,411,24,3,2,3
95,"PRIVATE",1967,411,24,3,3,3
92,"PRIVATE",1960,34,3,3,3,3
93,"PRIVATE",1960,34,3,3,2,3
94,"PRIVATE",1960,34,3,3,2,3
95,"PRIVATE",1962,121,7,3,1,3
90,"PRIVATE",1959,94,9,3,2,3
95,"PRIVATE",1959,94,9,3,2,3
87,"PRIVATE",1959,61,7,2,1,3
93,"PRIVATE",1959,61,7,3,1,3
90,"PRIVATE",1967,76,11,3,2,1
95,"PRIVATE",1967,76,11,2,3,3
87,"PRIVATE",1956,66,9,2,1,3
98,"PRIVATE",1956,66,9,3,3,3
91,"PRIVATE",1977,72,6,3,2,3
96,"PRIVATE",1977,72,6,3,1,3
89,"PRIVATE",1960,80,10,3,2,3
95,"PRIVATE",1960,80,10,3,2,3
86,"PRIVATE",1968,118,7,2,2,3
87,"PRIVATE",1960,91,7,3,2,3
86,"PRIVATE",1960,91,7,3,1,3
74,"PRIVATE",1960,90,7,2,1,3
87,"PRIVATE",1960,90,7,3,2,3
88,"PRIVATE",1955,67,7,3,2,3
91,"PRIVATE",1955,67,7,3,2,3
90,"PRIVATE",1955,108,7,3,2,3
90,"PRIVATE",1955,23,4,3,2,3
93,"PRIVATE",1955,23,4,3,3,3
92,"PRIVATE",1960,80,9,3,3,3
95,"PRIVATE",1960,80,9,3,2,3
88,"PRIVATE",1956,28,4,3,2,3
92,"PRIVATE",1956,28,4,3,2,3
93,"SOCIAL HOUSING",1910,48,5,3,2,3
94,"PRIVATE",1965,66,6,3,2,3
94,"PRIVATE",1967,96,7,3,2,3
88,"PRIVATE",1965,82,7,3,3,3
93,"PRIVATE",1965,82,7,3,2,3
91,"PRIVATE",1959,61,8,3,3,3
84,"PRIVATE",1957,72,8,3,2,3
97,"PRIVATE",1960,86,11,3,2,3
98,"PRIVATE",1960,86,11,3,2,3
93,"PRIVATE",1957,73,7,3,3,3
72,"PRIVATE",1965,82,11,1,2,1
84,"PRIVATE",1965,82,11,3,2,3
96,"PRIVATE",1960,47,8,3,3,3
95,"PRIVATE",1963,62,11,3,3,3
92,"PRIVATE",1962,100,12,3,3,3
91,"PRIVATE",1962,100,12,3,3,3
86,"PRIVATE",1955,18,3,3,2,3
85,"PRIVATE",1955,18,3,3,2,3
89,"PRIVATE",1910,18,3,3,3,3
96,"PRIVATE",1910,18,3,3,3,3
79,"PRIVATE",1910,18,3,3,2,3
89,"PRIVATE",1960,32,6,3,2,3
96,"PRIVATE",1960,32,6,3,1,3
87,"PRIVATE",1955,25,4,2,1,3
97,"PRIVATE",1958,17,3,3,3,3
97,"PRIVATE",1958,17,3,3,2,3
91,"PRIVATE",1964,106,9,3,2,3
89,"PRIVATE",1964,107,9,3,3,3
97,"PRIVATE",1970,93,12,3,3,3
92,"PRIVATE",1973,146,15,3,2,3
98,"PRIVATE",1960,63,8,3,3,3
98,"PRIVATE",1960,63,8,3,3,3
89,"PRIVATE",1968,40,5,3,2,3
95,"PRIVATE",1968,40,5,3,3,3
93,"TCHC",1967,76,6,3,3,3
91,"TCHC",1967,76,6,3,1,3
96,"PRIVATE",1958,28,3,3,2,3
96,"PRIVATE",1958,28,3,3,3,3
89,"PRIVATE",1960,29,3,3,1,3
75,"PRIVATE",1971,102,15,1,1,3
88,"PRIVATE",1960,105,10,3,3,3
86,"PRIVATE",1960,105,10,3,1,3
77,"PRIVATE",1960,21,3,1,2,3
79,"PRIVATE",1960,21,3,3,3,3
94,"PRIVATE",1970,206,17,3,2,3
82,"PRIVATE",1954,40,4,3,2,3
80,"TCHC",1966,294,11,1,3,3
80,"PRIVATE",1950,12,3,3,2,3
83,"PRIVATE",1950,12,3,3,2,3
83,"PRIVATE",1964,12,3,3,3,3
79,"PRIVATE",1964,12,3,3,2,3
80,"PRIVATE",1965,39,5,1,1,3
98,"PRIVATE",1965,11,3,3,2,3
98,"PRIVATE",1965,11,3,3,2,3
98,"PRIVATE",1965,11,3,3,2,3
99,"PRIVATE",1965,11,3,3,3,3
99,"PRIVATE",1965,11,3,3,3,3
98,"PRIVATE",1965,11,3,3,2,3
98,"PRIVATE",1965,11,3,3,2,3
88,"PRIVATE",1968,158,20,3,2,3
94,"PRIVATE",1968,158,20,3,2,3
91,"PRIVATE",1970,154,20,2,3,2
90,"PRIVATE",1960,115,13,3,2,3
96,"PRIVATE",1960,115,13,3,2,3
96,"PRIVATE",1972,52,5,3,3,3
90,"PRIVATE",1968,118,12,2,2,3
89,"PRIVATE",1968,118,12,2,2,3
86,"PRIVATE",1968,144,4,2,2,3
92,"PRIVATE",1968,144,4,3,2,3
91,"PRIVATE",1975,198,17,3,3,3
87,"PRIVATE",1968,234,17,1,2,3
75,"PRIVATE",1971,156,13,3,1,3
79,"PRIVATE",1971,156,13,2,2,3
90,"PRIVATE",1960,183,14,2,2,3
98,"PRIVATE",1970,153,13,3,2,3
94,"PRIVATE",1970,164,14,3,3,3
81,"TCHC",1971,188,15,2,3,3
92,"TCHC",1971,188,15,3,2,3
92,"TCHC",1970,164,12,3,3,3
93,"PRIVATE",1967,163,14,3,3,3
92,"PRIVATE",1974,131,15,1,2,3
94,"PRIVATE",1974,131,15,3,2,3
79,"PRIVATE",1973,97,9,3,2,3
74,"PRIVATE",1975,291,13,1,1,2
78,"PRIVATE",1975,291,13,3,1,3
88,"PRIVATE",1967,45,3,2,2,3
85,"PRIVATE",1967,45,3,3,2,3
81,"PRIVATE",1967,45,3,3,1,3
86,"PRIVATE",1963,45,3,2,2,3
82,"PRIVATE",1963,45,3,3,2,3
81,"PRIVATE",1963,45,3,3,1,3
97,"SOCIAL HOUSING",2009,98,6,3,3,3
86,"TCHC",1994,55,7,3,2,3
95,"TCHC",1994,55,7,3,3,3
86,"PRIVATE",1929,72,6,3,2,3
100,"PRIVATE",1929,72,6,3,3,3
81,"SOCIAL HOUSING",1992,75,9,3,2,3
90,"TCHC",1995,82,10,3,2,3
80,"PRIVATE",1960,35,4,3,2,3
87,"PRIVATE",1960,35,4,3,1,3
89,"PRIVATE",1928,26,3,2,2,3
94,"PRIVATE",1928,26,3,3,2,3
89,"PRIVATE",1960,143,9,3,2,3
92,"PRIVATE",1960,143,9,3,2,3
85,"PRIVATE",1960,76,7,2,2,3
97,"PRIVATE",1928,30,3,3,2,3
99,"PRIVATE",1928,30,3,3,2,3
77,"TCHC",1991,212,10,2,2,3
96,"PRIVATE",1888,16,3,3,3,3
76,"PRIVATE",1900,30,3,2,2,3
90,"PRIVATE",1900,30,3,3,3,3
91,"PRIVATE",1954,22,3,3,3,3
98,"PRIVATE",1954,22,3,3,3,3
17,"PRIVATE",1954,10,3,0,2,0
97,"PRIVATE",1954,10,3,3,2,3
83,"PRIVATE",1966,90,7,2,2,3
94,"PRIVATE",1960,11,3,3,2,3
85,"PRIVATE",1950,11,3,3,2,3
96,"PRIVATE",1950,11,3,3,3,3
89,"PRIVATE",1971,35,4,3,2,3
92,"PRIVATE",1971,35,4,3,2,3
88,"PRIVATE",1971,39,4,3,1,3
92,"SOCIAL HOUSING",1987,150,7,3,2,3
85,"PRIVATE",1955,130,6,2,2,3
92,"PRIVATE",1955,130,6,3,2,3
86,"PRIVATE",1960,124,6,2,2,3
94,"PRIVATE",1960,124,6,3,2,3
72,"PRIVATE",1958,55,5,1,1,3
80,"PRIVATE",1958,55,5,2,2,3
87,"PRIVATE",1949,15,4,3,2,3
95,"PRIVATE",1949,15,4,3,2,3
83,"PRIVATE",1979,284,26,2,2,1
95,"PRIVATE",1979,284,26,3,3,3
87,"PRIVATE",1972,240,30,2,3,3
97,"TCHC",1993,72,8,3,2,3
88,"PRIVATE",1920,48,4,3,3,3
87,"PRIVATE",1960,11,3,2,2,3
93,"PRIVATE",1960,11,3,3,2,3
80,"PRIVATE",1966,36,5,3,2,3
93,"PRIVATE",1966,36,5,3,2,3
91,"PRIVATE",1956,50,4,3,2,3
99,"PRIVATE",1956,50,4,3,3,3
88,"PRIVATE",1977,38,4,2,2,3
95,"PRIVATE",1977,38,4,3,3,3
81,"SOCIAL HOUSING",1987,97,5,2,2,3
95,"SOCIAL HOUSING",1987,97,5,3,3,3
95,"PRIVATE",2016,64,7,3,3,3
68,"PRIVATE",1970,59,6,2,3,3
97,"PRIVATE",1970,59,6,3,3,3
92,"SOCIAL HOUSING",1992,61,6,3,3,3
62,"PRIVATE",1968,304,20,1,1,2
90,"PRIVATE",1915,42,4,3,2,3
89,"PRIVATE",1986,25,5,2,2,3
95,"PRIVATE",1986,25,5,3,2,3
93,"PRIVATE",1954,10,3,3,2,3
93,"PRIVATE",1954,10,3,3,2,3
83,"PRIVATE",1954,11,3,3,2,3
90,"PRIVATE",1955,10,3,3,2,3
95,"PRIVATE",1955,10,3,3,3,3
69,"PRIVATE",1954,11,3,2,3,3
71,"PRIVATE",1945,10,3,3,2,3
70,"PRIVATE",1954,11,3,3,2,3
80,"PRIVATE",1954,11,3,3,2,3
88,"PRIVATE",1954,10,3,3,2,3
70,"PRIVATE",1953,11,3,3,2,3
85,"PRIVATE",1953,11,3,2,2,3
90,"TCHC",1968,304,16,1,3,3
88,"TCHC",1968,304,16,3,2,3
79,"PRIVATE",1968,304,16,1,2,2
81,"PRIVATE",1968,188,9,2,2,3
91,"PRIVATE",1968,188,9,2,2,3
88,"PRIVATE",1960,130,9,2,1,3
83,"PRIVATE",1960,130,9,2,2,3
90,"PRIVATE",1960,130,9,2,3,3
86,"PRIVATE",1930,40,4,2,2,3
98,"PRIVATE",1930,40,4,3,2,3
91,"PRIVATE",1960,40,4,2,2,3
93,"PRIVATE",1960,40,4,3,2,3
90,"PRIVATE",1960,40,4,2,1,3
91,"PRIVATE",1960,40,4,3,2,3
97,"PRIVATE",1976,217,25,3,3,3
95,"PRIVATE",1976,217,25,3,3,3
86,"PRIVATE",1973,346,21,2,2,3
91,"PRIVATE",1969,344,21,3,2,3
96,"PRIVATE",1969,344,21,3,3,3
93,"PRIVATE",1974,327,21,3,1,3
82,"TCHC",1970,340,20,1,2,3
92,"PRIVATE",1940,210,10,3,3,3
81,"SOCIAL HOUSING",1982,244,16,1,1,2
55,"PRIVATE",1980,37,4,1,1,3
68,"PRIVATE",1980,37,4,1,1,3
86,"PRIVATE",1996,102,7,2,3,3
89,"PRIVATE",1996,102,7,3,2,3
70,"PRIVATE",1930,10,3,2,1,3
77,"PRIVATE",1930,10,3,2,1,3
83,"TCHC",1987,105,6,2,2,1
91,"TCHC",1987,105,6,3,2,3
67,"PRIVATE",1940,31,3,3,3,3
94,"PRIVATE",1940,31,3,3,2,3
74,"PRIVATE",1960,48,4,1,2,3
95,"PRIVATE",1960,48,4,3,3,3
91,"PRIVATE",1954,63,7,3,3,3
97,"PRIVATE",1954,63,7,3,3,3
90,"TCHC",1937,41,4,2,3,3
91,"TCHC",1990,41,4,3,3,3
91,"TCHC",1970,31,4,3,3,3
85,"PRIVATE",1950,50,4,3,2,3
89,"PRIVATE",1930,67,6,3,2,3
94,"PRIVATE",1930,67,6,3,2,3
89,"PRIVATE",1928,32,3,3,3,3
88,"PRIVATE",1960,17,4,2,3,3
90,"PRIVATE",1960,17,4,3,3,3
98,"PRIVATE",1929,46,5,3,3,3
97,"PRIVATE",1929,46,5,3,3,3
99,"PRIVATE",1929,46,5,3,3,3
85,"PRIVATE",1955,272,12,2,2,2
91,"PRIVATE",1955,272,12,3,3,3
84,"PRIVATE",1957,41,4,3,3,3
97,"PRIVATE",1957,41,4,3,3,3
97,"PRIVATE",1957,41,4,3,3,3
98,"PRIVATE",1957,41,4,3,2,3
88,"TCHC",1990,110,5,3,2,2
90,"TCHC",1990,110,5,3,2,3
67,"PRIVATE",1940,27,4,1,3,3
83,"PRIVATE",1940,27,4,3,3,3
60,"PRIVATE",1937,22,3,1,1,2
92,"PRIVATE",1964,305,8,3,2,3
89,"TCHC",1986,239,14,2,3,3
95,"TCHC",1986,239,14,3,2,3
80,"PRIVATE",1970,118,12,2,1,3
95,"PRIVATE",1970,233,13,3,2,3
97,"PRIVATE",1970,233,13,3,2,3
91,"PRIVATE",1963,265,18,3,2,3
97,"PRIVATE",1963,265,18,3,3,3
92,"PRIVATE",1968,304,19,3,3,3
88,"PRIVATE",1968,83,7,3,1,3
93,"PRIVATE",1968,83,7,3,2,3
70,"PRIVATE",1966,40,4,1,1,3
86,"PRIVATE",1966,40,4,3,2,3
85,"PRIVATE",1965,133,11,3,2,3
88,"PRIVATE",1965,133,11,3,2,3
97,"PRIVATE",1970,137,19,3,3,3
97,"PRIVATE",1970,137,19,3,3,3
95,"PRIVATE",1972,138,18,3,3,3
95,"PRIVATE",1970,137,19,2,2,3
96,"PRIVATE",1970,138,18,2,2,3
90,"PRIVATE",1967,222,16,3,3,3
98,"PRIVATE",1967,222,16,3,2,3
85,"PRIVATE",1967,219,22,2,2,3
99,"PRIVATE",1967,219,22,3,2,3
91,"PRIVATE",1963,91,10,3,3,3
95,"PRIVATE",1963,91,10,3,2,3
94,"PRIVATE",1964,65,8,3,3,3
95,"PRIVATE",1964,65,8,3,2,3
95,"PRIVATE",1963,25,4,3,2,3
96,"PRIVATE",2023,140,12,2,3,3
100,"PRIVATE",2023,140,12,3,3,3
92,"PRIVATE",1963,38,4,3,3,3
84,"PRIVATE",1961,58,4,2,2,2
87,"PRIVATE",1961,58,4,3,2,3
95,"PRIVATE",1963,76,7,3,3,3
93,"PRIVATE",1959,63,7,3,2,3
88,"PRIVATE",1965,112,8,1,3,3
87,"PRIVATE",1965,112,8,1,2,3
73,"PRIVATE",1961,64,4,3,2,1
100,"PRIVATE",2024,479,44,3,3,3
87,"PRIVATE",1972,58,10,3,1,3
94,"TCHC",2018,77,7,2,3,3
97,"TCHC",2018,77,7,3,3,3
100,"PRIVATE",2023,238,26,3,3,3
80,"TCHC",1993,11,3,1,1,3
88,"TCHC",1993,11,3,3,2,3
71,"PRIVATE",1970,24,3,2,1,3
75,"PRIVATE",1970,24,3,2,1,3
85,"PRIVATE",1958,17,3,3,1,3
81,"PRIVATE",1968,305,20,2,2,2
80,"PRIVATE",1968,305,20,2,3,3
91,"PRIVATE",1970,304,20,3,3,3
98,"PRIVATE",1970,304,20,3,3,3
89,"PRIVATE",1970,286,24,3,3,3
96,"PRIVATE",1970,286,24,3,3,3
95,"PRIVATE",1970,298,25,3,3,3
93,"PRIVATE",1962,60,6,3,2,3
94,"PRIVATE",1962,60,6,2,1,3
92,"PRIVATE",1962,70,6,3,2,3
95,"PRIVATE",1962,70,6,3,2,3
92,"PRIVATE",1960,112,6,2,3,3
86,"TCHC",1970,128,13,3,1,3
87,"TCHC",1970,128,13,2,2,3
75,"TCHC",1970,128,13,2,1,3
91,"TCHC",1970,128,13,3,2,3
98,"PRIVATE",1950,24,3,3,3,3
98,"PRIVATE",1950,24,3,3,3,3
75,"PRIVATE",1954,23,3,2,2,3
94,"PRIVATE",1954,23,3,3,2,3
80,"PRIVATE",1970,12,3,2,2,3
93,"PRIVATE",1970,12,3,3,3,3
95,"PRIVATE",1970,136,10,3,3,3
96,"PRIVATE",1970,136,10,3,2,3
89,"PRIVATE",1962,100,6,3,2,3
98,"PRIVATE",1962,100,6,3,1,3
92,"TCHC",1977,400,13,2,2,3
96,"TCHC",1977,400,13,3,3,3
98,"PRIVATE",2020,361,36,3,3,3
89,"SOCIAL HOUSING",1993,44,4,3,2,3
92,"SOCIAL HOUSING",1993,44,4,3,2,3
83,"PRIVATE",1950,29,3,2,2,3
87,"PRIVATE",1950,29,3,3,2,3
79,"PRIVATE",1960,45,3,3,2,3
85,"PRIVATE",1955,43,4,3,2,3
88,"PRIVATE",1970,17,3,3,3,3
91,"PRIVATE",1970,17,3,3,1,3
69,"PRIVATE",1953,28,3,1,2,1
77,"PRIVATE",1953,28,3,1,2,3
72,"PRIVATE",1956,28,3,1,2,1
88,"PRIVATE",1956,28,3,2,1,2
99,"PRIVATE",1969,284,17,3,3,3
99,"PRIVATE",1966,217,28,3,3,3
91,"PRIVATE",1968,109,9,3,2,3
97,"PRIVATE",1968,109,9,3,3,3
97,"SOCIAL HOUSING",1900,50,12,3,3,3
100,"SOCIAL HOUSING",1900,50,12,3,3,3
74,"PRIVATE",1958,53,4,3,2,3
89,"PRIVATE",1960,74,3,2,2,2
97,"PRIVATE",1966,42,6,3,3,3
99,"PRIVATE",1966,42,6,3,2,3
83,"PRIVATE",1960,57,6,2,1,3
87,"PRIVATE",1960,57,6,3,2,3
86,"PRIVATE",1960,42,6,3,2,3
93,"PRIVATE",1960,42,6,3,2,3
93,"PRIVATE",1961,51,7,3,2,3
97,"PRIVATE",1961,51,7,3,3,3
93,"PRIVATE",1961,52,7,3,2,3
91,"PRIVATE",1963,53,6,3,2,3
81,"PRIVATE",1961,47,6,3,3,3
92,"PRIVATE",1961,47,6,3,2,3
91,"PRIVATE",1967,42,6,3,1,3
92,"PRIVATE",1960,60,7,3,2,3
81,"PRIVATE",1965,43,6,3,2,3
88,"PRIVATE",1960,19,3,2,3,3
90,"SOCIAL HOUSING",1980,32,4,3,3,3
84,"SOCIAL HOUSING",1980,135,8,1,2,3
96,"SOCIAL HOUSING",1980,135,8,3,2,3
87,"TCHC",1962,200,6,2,2,3
87,"PRIVATE",1970,113,9,2,2,3
93,"PRIVATE",1970,113,9,3,3,3
87,"PRIVATE",1970,139,11,2,2,3
94,"PRIVATE",1970,139,11,3,2,3
96,"PRIVATE",1913,10,3,3,1,3
94,"TCHC",1989,15,3,3,2,3
94,"TCHC",1989,15,3,3,3,3
91,"PRIVATE",2008,184,9,3,1,3
79,"PRIVATE",1968,335,19,1,1,2
92,"PRIVATE",1968,335,19,3,3,3
83,"PRIVATE",1956,11,3,3,1,3
86,"PRIVATE",1956,11,3,3,2,3
91,"PRIVATE",1956,11,3,3,2,3
99,"PRIVATE",2010,332,22,3,3,3
85,"PRIVATE",1958,11,3,3,2,3
76,"PRIVATE",1956,12,3,3,3,3
82,"PRIVATE",1956,12,3,3,3,3
89,"PRIVATE",1959,26,3,3,3,3
93,"PRIVATE",1958,26,3,3,3,3
97,"PRIVATE",1958,26,3,3,3,3
79,"PRIVATE",1960,29,3,2,2,2
86,"PRIVATE",1960,29,3,3,1,3
81,"PRIVATE",1960,29,3,3,2,3
95,"PRIVATE",1958,15,4,3,2,3
99,"PRIVATE",1958,15,4,3,3,3
81,"PRIVATE",1905,18,3,2,1,3
91,"PRIVATE",1905,18,3,3,3,3
81,"PRIVATE",1974,201,14,3,2,3
80,"PRIVATE",1974,201,14,2,2,3
89,"PRIVATE",1967,198,14,3,2,3
92,"PRIVATE",1967,198,14,3,3,3
61,"PRIVATE",1946,30,3,1,1,3
98,"PRIVATE",1959,35,3,3,3,3
95,"PRIVATE",1959,35,3,3,3,3
93,"PRIVATE",1959,37,3,3,2,3
95,"PRIVATE",1959,37,3,2,2,3
93,"PRIVATE",1975,81,17,2,2,3
93,"PRIVATE",1950,35,4,3,2,3
98,"PRIVATE",1950,35,4,3,3,3
94,"PRIVATE",1950,35,4,3,2,3
98,"PRIVATE",1950,35,4,3,3,3
99,"PRIVATE",1965,11,3,3,3,3
99,"PRIVATE",1965,11,3,3,3,3
85,"PRIVATE",1957,18,3,3,2,3
90,"PRIVATE",1956,29,3,3,2,3
77,"TCHC",1979,196,6,1,2,3
87,"TCHC",1979,196,6,2,2,3
79,"TCHC",1980,15,5,2,2,1
84,"TCHC",1980,15,5,2,2,3
87,"TCHC",1978,105,4,3,1,3
61,"PRIVATE",1925,31,3,1,1,3
89,"PRIVATE",1926,21,3,3,3,3
92,"PRIVATE",1969,201,26,3,3,3
93,"PRIVATE",1969,201,26,3,2,3
88,"PRIVATE",1969,331,20,2,3,3
92,"PRIVATE",2021,264,25,3,3,3
88,"PRIVATE",1969,321,23,2,2,3
92,"PRIVATE",1969,321,23,3,2,3
92,"PRIVATE",1969,217,15,3,3,3
98,"PRIVATE",1969,217,15,3,3,3
83,"TCHC",1969,449,24,2,2,3
88,"TCHC",1969,449,24,2,2,3
97,"PRIVATE",1940,10,3,3,3,3
84,"PRIVATE",1954,30,4,3,3,3
96,"PRIVATE",1954,30,4,3,2,3
96,"PRIVATE",1955,30,4,3,2,3
98,"PRIVATE",1955,30,4,3,3,3
91,"PRIVATE",1962,38,4,2,2,3
94,"PRIVATE",1962,38,4,3,1,3
82,"PRIVATE",1960,33,4,3,2,3
83,"PRIVATE",1968,36,5,3,2,3
86,"PRIVATE",1964,30,4,3,3,3
76,"PRIVATE",1957,27,4,3,2,3
92,"PRIVATE",1957,27,4,3,3,3
93,"PRIVATE",1954,34,4,3,1,3
95,"PRIVATE",1954,34,4,1,2,3
89,"PRIVATE",1965,196,24,3,1,3
91,"PRIVATE",1965,196,24,3,2,3
88,"PRIVATE",1965,196,24,3,3,3
100,"PRIVATE",2022,146,7,3,3,3
100,"PRIVATE",2022,146,7,3,3,3
97,"PRIVATE",1954,71,4,3,2,3
95,"PRIVATE",1953,44,4,3,2,3
95,"PRIVATE",1968,287,23,3,3,3
97,"PRIVATE",1968,287,23,3,3,3
94,"PRIVATE",1975,66,14,3,3,3
95,"PRIVATE",1963,162,14,2,3,3
97,"PRIVATE",1963,162,14,3,3,3
87,"PRIVATE",1967,145,15,3,2,3
91,"PRIVATE",1967,145,15,3,3,3
87,"TCHC",1969,14,4,2,3,2
88,"SOCIAL HOUSING",1993,127,16,3,2,3
91,"SOCIAL HOUSING",1993,127,16,3,3,3
77,"PRIVATE",1940,67,4,2,1,3
79,"PRIVATE",1959,67,7,3,2,2
97,"PRIVATE",1959,67,7,3,2,3
69,"PRIVATE",1956,12,3,3,1,3
83,"PRIVATE",1956,12,3,3,1,3
87,"PRIVATE",1957,10,3,3,2,3
76,"PRIVATE",1952,10,3,3,1,3
78,"SOCIAL HOUSING",1956,11,3,1,1,3
100,"SOCIAL HOUSING",1956,11,3,3,3,3
75,"PRIVATE",1957,12,3,1,2,3
91,"PRIVATE",1957,12,3,3,3,3
75,"PRIVATE",1956,11,3,1,2,3
81,"PRIVATE",1956,11,3,2,1,3
82,"PRIVATE",1957,10,3,3,2,3
87,"PRIVATE",1969,381,24,2,1,3
96,"PRIVATE",1969,381,24,3,2,3
94,"PRIVATE",1964,239,15,3,2,3
94,"PRIVATE",1964,239,15,2,2,3
92,"PRIVATE",1920,24,3,3,1,3
78,"PRIVATE",1920,25,3,2,2,2
96,"PRIVATE",1920,25,3,3,2,3
83,"PRIVATE",1930,17,3,2,2,3
94,"TCHC",1928,27,3,3,2,3
82,"PRIVATE",1928,12,3,2,2,3
89,"PRIVATE",1928,12,3,3,3,3
83,"TCHC",1969,246,14,2,2,3
90,"TCHC",1968,215,14,3,3,1
91,"PRIVATE",1955,24,4,3,2,3
94,"PRIVATE",1960,84,10,3,2,3
95,"PRIVATE",1960,84,10,3,2,3
93,"PRIVATE",1965,82,12,3,2,3
96,"PRIVATE",1965,82,12,3,2,3
85,"PRIVATE",1963,101,14,3,2,3
90,"PRIVATE",1963,101,14,3,2,3
95,"PRIVATE",2016,411,27,3,3,3
75,"PRIVATE",1928,48,3,2,2,2
96,"PRIVATE",1928,48,3,3,3,3
81,"PRIVATE",1959,76,13,3,1,3
79,"PRIVATE",1917,28,4,3,2,3
87,"PRIVATE",1917,28,4,2,3,3
87,"PRIVATE",1960,221,11,3,2,3
92,"PRIVATE",1960,221,11,3,2,3
89,"PRIVATE",1959,262,11,3,2,3
89,"PRIVATE",1960,79,9,3,2,3
95,"PRIVATE",1960,56,7,3,2,3
96,"PRIVATE",1960,56,7,3,2,3
91,"PRIVATE",1951,38,4,3,1,3
96,"PRIVATE",1951,38,4,3,2,3
93,"PRIVATE",1951,47,4,3,2,3
79,"PRIVATE",1957,202,13,1,2,3
97,"PRIVATE",1957,202,13,3,2,3
88,"PRIVATE",1971,77,8,3,3,3
91,"PRIVATE",1971,77,8,3,3,3
98,"PRIVATE",1971,77,8,3,3,3
84,"TCHC",1973,162,12,2,1,3
91,"SOCIAL HOUSING",1989,119,4,3,2,3
96,"SOCIAL HOUSING",1989,119,4,3,3,3
90,"TCHC",1984,179,13,2,2,3
95,"TCHC",1984,179,13,3,2,3
90,"SOCIAL HOUSING",1986,104,11,3,3,3
90,"SOCIAL HOUSING",1986,104,11,3,2,3
87,"SOCIAL HOUSING",1984,176,19,1,3,2
96,"PRIVATE",1960,116,20,3,2,3
96,"PRIVATE",1960,116,20,3,2,3
93,"PRIVATE",1915,26,3,3,2,3
99,"PRIVATE",1973,561,29,3,2,3
98,"PRIVATE",1973,561,29,3,2,3
58,"PRIVATE",1914,18,3,1,1,3
87,"PRIVATE",1805,69,5,3,2,3
93,"PRIVATE",1903,18,4,3,3,3
53,"PRIVATE",1898,42,4,1,1,3
68,"PRIVATE",1898,42,4,1,1,3
100,"PRIVATE",1965,70,13,3,3,3
49,"PRIVATE",1918,15,3,1,1,3
66,"PRIVATE",1960,21,5,2,2,3
86,"PRIVATE",1960,21,5,3,3,3
81,"PRIVATE",1970,38,8,2,3,3
96,"PRIVATE",1970,38,8,3,1,3
90,"PRIVATE",1971,62,6,3,1,3
75,"PRIVATE",1955,53,6,2,1,3
91,"PRIVATE",1975,419,27,3,1,3
96,"PRIVATE",1975,419,27,3,2,3
89,"PRIVATE",1975,12,3,2,2,3
94,"PRIVATE",1975,12,3,3,3,3
76,"PRIVATE",1975,180,3,1,2,3
91,"PRIVATE",1975,12,3,3,2,3
93,"PRIVATE",1975,12,3,3,3,3
86,"PRIVATE",1975,12,3,2,2,3
96,"PRIVATE",1975,12,3,3,3,3
76,"PRIVATE",1975,12,3,1,2,3
79,"PRIVATE",1975,108,3,1,2,3
81,"PRIVATE",1975,12,3,1,2,3
84,"PRIVATE",1975,12,3,2,2,3
88,"PRIVATE",1975,12,3,3,3,3
81,"PRIVATE",1975,12,3,2,2,3
88,"PRIVATE",1975,12,3,3,3,3
97,"PRIVATE",2022,53,4,3,3,3
77,"TCHC",1986,132,5,2,2,2
92,"TCHC",1986,132,5,2,2,3
87,"PRIVATE",1939,16,3,3,1,3
69,"PRIVATE",1969,447,33,2,2,1
96,"PRIVATE",2007,188,12,3,2,3
98,"PRIVATE",2007,188,12,3,3,3
72,"PRIVATE",1930,22,4,3,1,3
91,"PRIVATE",1930,22,4,2,3,3
84,"SOCIAL HOUSING",1991,26,3,2,2,3
90,"SOCIAL HOUSING",1991,26,3,2,2,3
81,"TCHC",1976,81,7,2,2,3
78,"TCHC",1980,12,3,3,1,1
92,"SOCIAL HOUSING",1891,16,3,3,3,3
94,"SOCIAL HOUSING",1891,16,3,3,3,3
81,"SOCIAL HOUSING",1950,28,5,3,2,3
85,"SOCIAL HOUSING",1950,28,5,3,1,3
93,"SOCIAL HOUSING",1996,29,5,3,3,3
96,"SOCIAL HOUSING",1994,45,5,3,3,3
96,"SOCIAL HOUSING",1994,45,5,3,3,3
56,"PRIVATE",1965,12,3,1,1,3
90,"PRIVATE",1965,12,3,1,3,3
79,"PRIVATE",1927,25,4,1,3,3
94,"PRIVATE",1927,25,4,3,2,3
90,"PRIVATE",1960,48,6,3,2,3
85,"PRIVATE",1958,66,7,2,2,3
95,"PRIVATE",1958,66,7,3,1,3
89,"SOCIAL HOUSING",1950,20,3,3,2,3
77,"PRIVATE",2009,28,5,1,2,3
77,"SOCIAL HOUSING",1910,30,3,1,2,3
75,"PRIVATE",1930,10,3,3,1,3
37,"TCHC",1967,38,5,0,2,0
96,"TCHC",1967,38,5,3,3,3
85,"TCHC",1991,16,4,2,2,3
91,"PRIVATE",1954,11,3,2,2,3
92,"PRIVATE",1954,11,3,3,2,3
95,"PRIVATE",2018,595,43,3,3,3
97,"PRIVATE",2018,595,43,3,3,3
94,"PRIVATE",1973,225,25,3,3,3
98,"PRIVATE",2020,275,32,3,3,3
99,"PRIVATE",2020,275,32,3,3,3
81,"PRIVATE",1930,15,4,3,1,3
93,"PRIVATE",1930,15,4,3,2,3
75,"PRIVATE",1960,29,3,3,1,3
80,"PRIVATE",1960,23,3,3,2,3
91,"PRIVATE",1960,23,3,3,1,3
89,"PRIVATE",1954,192,14,2,3,3
95,"PRIVATE",1954,192,14,3,2,3
81,"TCHC",1970,190,18,3,1,3
89,"TCHC",1970,66,6,3,2,3
93,"TCHC",1970,66,6,3,2,3
95,"TCHC",1970,66,6,3,2,3
91,"TCHC",1980,22,6,3,2,3
94,"TCHC",1980,22,6,3,3,3
94,"TCHC",1980,22,6,3,2,3
95,"TCHC",1980,22,6,3,3,3
95,"TCHC",1980,22,6,3,2,3
89,"PRIVATE",1965,35,5,3,3,3
87,"PRIVATE",1911,27,4,1,2,3
87,"PRIVATE",1911,27,4,3,2,3
83,"PRIVATE",1984,139,10,2,2,3
87,"PRIVATE",1974,140,10,3,2,3
83,"TCHC",1971,184,12,3,2,3
86,"TCHC",1971,196,12,3,2,3
87,"PRIVATE",1952,30,4,2,2,3
89,"PRIVATE",1934,49,6,3,2,3
94,"PRIVATE",1934,49,6,3,3,3
93,"PRIVATE",1960,39,3,3,3,3
82,"PRIVATE",1954,71,4,2,2,3
94,"PRIVATE",1954,71,4,3,3,3
90,"TCHC",1970,350,17,1,3,3
79,"PRIVATE",1971,11,3,2,2,3
86,"PRIVATE",1971,11,3,3,3,3
75,"PRIVATE",1971,11,3,2,2,3
81,"PRIVATE",1971,11,3,3,2,3
92,"PRIVATE",1971,11,3,3,2,3
76,"PRIVATE",1971,11,3,2,2,3
83,"PRIVATE",1971,11,3,2,2,3
84,"PRIVATE",1971,22,3,3,2,3
65,"PRIVATE",1952,16,3,1,2,3
63,"PRIVATE",1952,16,3,2,1,3
76,"PRIVATE",1950,11,3,2,2,2
80,"PRIVATE",1950,11,3,2,2,3
82,"PRIVATE",1954,48,4,1,2,3
80,"PRIVATE",1950,10,3,2,1,3
82,"PRIVATE",1962,42,4,1,1,3
96,"PRIVATE",1962,42,4,3,2,3
95,"PRIVATE",1962,43,4,3,2,3
93,"PRIVATE",1955,28,4,3,1,3
80,"PRIVATE",1962,58,6,2,1,3
94,"PRIVATE",1962,58,6,3,2,3
97,"PRIVATE",1950,24,4,3,3,3
94,"PRIVATE",1950,11,3,1,1,3
96,"PRIVATE",1950,11,3,3,3,3
75,"PRIVATE",1930,15,3,1,2,3
98,"PRIVATE",1986,336,23,3,3,3
88,"PRIVATE",1973,233,30,2,2,3
96,"PRIVATE",1973,233,30,3,2,3
75,"PRIVATE",1955,57,3,2,2,2
77,"PRIVATE",1955,57,3,2,2,2
100,"PRIVATE",2021,231,34,3,3,3
100,"PRIVATE",2021,231,34,3,3,3
91,"PRIVATE",1928,35,3,3,3,3
90,"PRIVATE",1960,77,11,3,2,3
81,"PRIVATE",1911,15,3,3,1,3
88,"PRIVATE",1940,27,3,3,3,3
90,"PRIVATE",1940,27,3,3,2,3
92,"PRIVATE",1960,212,11,3,3,3
89,"PRIVATE",1965,164,16,2,2,3
92,"PRIVATE",1965,164,16,3,2,3
79,"PRIVATE",1968,174,15,2,3,3
96,"PRIVATE",1970,174,15,3,3,3
92,"PRIVATE",1965,176,16,3,3,3
96,"PRIVATE",1964,172,15,3,2,3
84,"PRIVATE",1969,95,12,3,2,2
95,"PRIVATE",1964,174,15,3,3,3
96,"PRIVATE",1964,174,15,3,3,3
74,"PRIVATE",1969,143,12,2,2,2
76,"PRIVATE",1956,102,5,1,1,3
91,"PRIVATE",1960,132,7,3,2,3
95,"PRIVATE",1960,132,7,3,2,3
98,"PRIVATE",1960,122,7,3,3,3
95,"PRIVATE",1961,129,7,3,2,3
95,"PRIVATE",1961,129,7,3,3,3
86,"PRIVATE",1961,120,7,2,2,3
93,"PRIVATE",1961,120,7,3,2,3
82,"TCHC",1972,217,16,2,2,3
86,"TCHC",1972,217,16,2,2,3
89,"TCHC",1972,231,17,2,2,3
95,"TCHC",1972,231,17,3,3,3
89,"TCHC",1972,421,18,2,2,3
41,"PRIVATE",1926,10,3,1,1,1
86,"PRIVATE",1974,154,8,3,2,3
96,"PRIVATE",1974,154,8,3,3,3
96,"PRIVATE",1974,131,15,2,2,3
97,"PRIVATE",1974,131,15,3,3,3
95,"PRIVATE",1970,118,21,3,2,3
99,"PRIVATE",1970,118,21,3,3,3
94,"PRIVATE",1968,88,11,3,2,3
88,"PRIVATE",1966,121,17,3,3,3
97,"PRIVATE",1966,121,17,3,3,3
98,"PRIVATE",1968,160,12,3,3,3
96,"SOCIAL HOUSING",1994,164,7,3,3,3
98,"SOCIAL HOUSING",1994,164,7,3,3,3
96,"PRIVATE",1971,118,15,3,3,3
88,"PRIVATE",1971,118,15,2,3,3
93,"PRIVATE",1960,60,6,3,1,3
91,"PRIVATE",1962,60,6,3,2,3
98,"PRIVATE",1958,60,6,3,3,3
81,"PRIVATE",1969,24,5,3,3,3
91,"PRIVATE",1962,59,6,3,2,3
98,"PRIVATE",1962,59,6,3,3,3
78,"PRIVATE",1969,312,16,2,2,3
96,"PRIVATE",1970,119,15,3,3,3
99,"PRIVATE",1970,119,15,3,3,3
85,"PRIVATE",1962,103,9,2,2,3
87,"PRIVATE",1962,103,9,3,1,3
78,"PRIVATE",1962,32,3,2,2,3
94,"PRIVATE",1962,32,3,3,2,3
89,"PRIVATE",1970,11,3,3,2,3
66,"PRIVATE",1954,18,3,3,2,3
97,"PRIVATE",1970,34,3,3,3,3
89,"PRIVATE",1970,23,3,3,2,3
97,"PRIVATE",1970,23,3,3,2,3
88,"PRIVATE",1970,36,3,2,2,3
97,"PRIVATE",1970,36,3,3,2,3
98,"SOCIAL HOUSING",2016,20,4,2,2,3
98,"SOCIAL HOUSING",2016,20,4,3,3,3
97,"TCHC",1988,219,11,3,3,3
89,"SOCIAL HOUSING",1985,109,7,3,3,1
94,"SOCIAL HOUSING",1985,109,7,3,2,3
90,"PRIVATE",1959,60,7,3,1,3
91,"PRIVATE",1959,60,7,3,2,3
75,"SOCIAL HOUSING",1975,77,6,1,1,3
93,"SOCIAL HOUSING",1975,77,6,3,2,3
97,"PRIVATE",1960,62,6,3,2,3
96,"PRIVATE",1960,62,6,3,2,3
97,"PRIVATE",1960,86,7,3,2,3
74,"PRIVATE",1964,287,18,1,1,3
84,"PRIVATE",1964,287,18,3,2,3
92,"PRIVATE",1959,70,6,3,2,3
82,"PRIVATE",1962,60,6,1,2,3
98,"PRIVATE",1962,60,6,3,3,3
74,"PRIVATE",1965,380,20,1,3,3
77,"PRIVATE",1965,380,20,3,2,3
88,"PRIVATE",1964,90,6,2,2,3
96,"PRIVATE",1964,90,6,3,3,3
90,"PRIVATE",1966,474,25,2,2,3
82,"PRIVATE",1968,400,20,2,2,3
96,"PRIVATE",1960,57,6,3,2,3
97,"PRIVATE",1960,57,6,3,3,3
91,"PRIVATE",1968,279,20,3,2,3
94,"PRIVATE",1968,279,20,3,3,3
88,"PRIVATE",1960,71,6,2,2,3
93,"PRIVATE",1960,71,6,3,2,3
100,"PRIVATE",1960,64,6,3,3,3
93,"PRIVATE",1960,71,6,3,3,3
95,"PRIVATE",1960,71,6,3,2,3
72,"PRIVATE",1967,332,20,1,2,3
77,"PRIVATE",1967,332,20,3,1,3
95,"PRIVATE",1966,314,20,2,2,3
88,"PRIVATE",1966,308,17,3,2,3
92,"PRIVATE",1966,308,17,3,3,3
86,"PRIVATE",1966,319,17,3,2,3
88,"PRIVATE",1966,319,17,2,2,3
83,"PRIVATE",1971,500,43,2,2,3
92,"PRIVATE",1971,500,43,3,2,3
92,"PRIVATE",1971,496,43,3,3,3
86,"PRIVATE",1960,17,3,3,2,3
89,"PRIVATE",1960,17,3,3,1,3
97,"SOCIAL HOUSING",2021,186,18,3,3,3
97,"SOCIAL HOUSING",1982,247,19,3,3,3
83,"PRIVATE",1938,32,4,3,2,3
89,"PRIVATE",1938,32,4,3,2,3
94,"PRIVATE",1938,32,4,3,2,3
90,"PRIVATE",1956,117,12,3,2,3
89,"PRIVATE",1956,117,12,3,2,3
81,"PRIVATE",1938,32,4,3,2,3
91,"PRIVATE",1938,32,4,3,1,3
93,"PRIVATE",1938,32,4,3,2,3
85,"SOCIAL HOUSING",1986,174,15,1,2,3
93,"PRIVATE",1955,70,4,3,2,3
94,"PRIVATE",1960,59,4,3,3,3
92,"PRIVATE",1964,60,4,3,2,3
77,"TCHC",1972,374,24,2,2,3
81,"TCHC",1972,374,24,1,2,1
90,"PRIVATE",1969,138,11,3,2,3
90,"PRIVATE",1964,18,3,3,3,3
83,"PRIVATE",1950,16,3,3,2,3
91,"PRIVATE",1950,16,3,3,1,3
87,"PRIVATE",1960,19,3,3,2,3
98,"PRIVATE",1960,19,3,3,3,3
81,"PRIVATE",1959,17,3,3,2,3
83,"PRIVATE",1960,15,3,3,2,3
76,"PRIVATE",1960,16,3,2,2,3
87,"PRIVATE",1962,17,3,3,2,3
98,"PRIVATE",1962,17,3,3,3,3
90,"PRIVATE",1954,28,3,3,2,3
93,"PRIVATE",1954,28,3,3,2,3
94,"PRIVATE",1950,17,3,3,3,3
100,"PRIVATE",1950,17,3,3,3,3
98,"SOCIAL HOUSING",1994,61,7,3,2,3
98,"PRIVATE",1978,246,16,3,2,3
100,"PRIVATE",1978,246,16,3,3,3
97,"TCHC",1989,150,8,3,2,3
97,"PRIVATE",1974,200,17,3,2,3
76,"TCHC",1973,16,4,2,2,2
78,"TCHC",1973,16,4,2,2,3
84,"TCHC",1973,16,4,2,2,3
81.1,"TCHC",1973,16,4,3,3,3
84,"TCHC",1973,16,4,2,2,3
94,"PRIVATE",1956,82,7,3,2,3
98,"PRIVATE",1956,82,7,3,3,3
79,"PRIVATE",1961,82,7,2,2,2
95,"SOCIAL HOUSING",1992,111,8,3,3,3
97,"SOCIAL HOUSING",1992,111,8,3,3,3
77,"PRIVATE",1960,45,3,3,2,3
90,"PRIVATE",1960,45,3,3,1,3
90,"PRIVATE",1956,12,3,3,3,3
89,"PRIVATE",1956,12,3,3,2,3
70,"PRIVATE",1950,10,3,2,1,3
76,"PRIVATE",1950,10,3,3,2,3
75,"PRIVATE",1950,11,3,2,1,3
85,"PRIVATE",1950,11,3,3,2,3
76,"PRIVATE",1957,30,4,2,2,3
87,"TCHC",1974,369,19,3,2,3
96,"TCHC",1974,369,19,3,2,3
86,"TCHC",1974,204,19,3,2,3
100,"PRIVATE",2022,179,17,3,3,3
95,"PRIVATE",1964,137,10,3,2,3
85,"PRIVATE",1966,281,22,3,3,3
96,"PRIVATE",1964,84,6,3,2,3
90,"PRIVATE",1964,84,6,3,2,3
94,"PRIVATE",1964,84,6,2,2,3
82,"PRIVATE",1963,66,6,3,2,3
86,"PRIVATE",1963,66,6,2,2,3
94,"PRIVATE",1960,58,6,3,2,3
97,"PRIVATE",1960,58,6,3,2,3
84,"PRIVATE",1963,84,6,3,2,3
88,"PRIVATE",1963,66,6,3,2,3
89,"PRIVATE",1963,66,6,3,2,3
87,"PRIVATE",1969,131,7,3,2,2
95,"PRIVATE",1968,210,15,3,2,3
85,"PRIVATE",1970,210,15,2,2,3
94,"PRIVATE",1968,214,15,3,1,3
97,"PRIVATE",1968,214,15,3,2,3
85,"PRIVATE",1970,216,16,2,2,3
86,"TCHC",1971,378,15,3,2,3
86,"TCHC",1971,378,15,2,1,2
99,"PRIVATE",2015,251,30,3,3,3
97,"PRIVATE",2014,336,30,3,3,3
91,"PRIVATE",1965,10,3,3,3,3
97,"TCHC",1993,178,14,3,3,3
94,"PRIVATE",1970,18,3,3,2,3
93,"PRIVATE",1970,41,3,3,2,3
88,"PRIVATE",1957,46,3,3,2,3
93,"PRIVATE",1970,18,3,3,2,3
62,"PRIVATE",1970,29,3,2,2,3
95,"PRIVATE",1970,29,3,3,3,3
97,"PRIVATE",1968,81,7,3,3,3
98,"PRIVATE",1968,81,7,3,3,3
68,"PRIVATE",1950,11,3,2,2,2
78,"PRIVATE",1958,10,3,3,1,3
98,"PRIVATE",1965,73,7,3,3,3
100,"PRIVATE",1965,73,7,3,3,3
93,"PRIVATE",1965,65,7,3,2,3
96,"PRIVATE",1965,65,7,3,1,3
93,"PRIVATE",1959,69,9,2,2,3
98,"PRIVATE",1959,69,9,3,3,3
94,"PRIVATE",1962,120,18,3,3,3
96,"PRIVATE",1957,70,9,3,3,3
96,"PRIVATE",1957,70,9,3,2,3
91,"PRIVATE",1965,48,6,2,3,3
100,"PRIVATE",1965,48,6,3,3,3
87,"TCHC",1992,54,7,1,1,1
84,"PRIVATE",1960,26,3,3,2,3
87,"PRIVATE",1960,26,3,3,2,3
82,"PRIVATE",1960,27,3,3,2,3
87,"PRIVATE",1960,27,3,3,2,3
94,"PRIVATE",1963,108,10,3,2,3
97,"PRIVATE",1963,108,10,3,2,3
89,"PRIVATE",1965,93,10,3,2,3
93,"PRIVATE",1956,28,4,3,2,3
88,"PRIVATE",1957,39,5,3,2,3
94,"PRIVATE",1957,39,5,3,3,3
88,"PRIVATE",1963,216,11,3,2,3
94,"PRIVATE",1961,64,4,3,2,3
95,"PRIVATE",1961,57,4,3,2,3
96,"PRIVATE",1961,57,4,3,2,3
89,"SOCIAL HOUSING",1985,98,6,2,2,3
90,"SOCIAL HOUSING",1983,174,8,3,3,3
92,"SOCIAL HOUSING",1983,174,8,3,3,3
99,"PRIVATE",1959,54,4,3,2,3
99,"PRIVATE",1959,54,4,3,3,3
84,"PRIVATE",1965,54,4,2,2,3
97,"PRIVATE",1965,54,4,3,2,3
98,"PRIVATE",1959,54,4,3,2,3
99,"PRIVATE",1959,54,4,3,2,3
96,"PRIVATE",1965,61,4,3,2,3
97,"PRIVATE",1965,61,4,3,2,3
100,"PRIVATE",1963,119,4,3,3,3
95,"PRIVATE",1967,32,6,3,2,3
92,"PRIVATE",1965,263,22,3,3,3
99,"TCHC",1977,99,9,3,3,3
87,"PRIVATE",1960,27,4,3,1,3
84,"PRIVATE",1955,12,3,3,1,3
92,"TCHC",1983,51,7,3,2,3
92,"PRIVATE",1920,24,3,3,2,3
99,"PRIVATE",1920,24,3,3,3,3
83,"SOCIAL HOUSING",1929,29,4,2,3,2
89,"SOCIAL HOUSING",1929,29,4,3,2,3
76,"PRIVATE",1955,22,4,3,2,3
95,"PRIVATE",1955,22,4,3,2,3
88,"PRIVATE",1955,16,4,3,2,3
69,"PRIVATE",1952,22,4,2,2,3
92,"PRIVATE",1920,32,4,2,2,3
98,"PRIVATE",1920,32,4,3,3,3
82,"PRIVATE",1955,42,6,2,2,3
95,"PRIVATE",1955,42,6,3,3,3
82,"SOCIAL HOUSING",2009,30,3,2,2,3
89,"SOCIAL HOUSING",2009,30,3,1,3,3
81,"PRIVATE",1930,46,3,2,2,3
89,"PRIVATE",1930,46,3,3,3,3
80,"PRIVATE",1958,25,4,2,2,3
90,"PRIVATE",1958,25,4,3,3,3
93,"PRIVATE",1955,31,6,3,1,3
95,"PRIVATE",1955,31,6,3,2,3
90,"PRIVATE",1927,24,4,3,2,3
81,"PRIVATE",1938,24,4,3,2,3
80,"PRIVATE",1926,52,4,2,1,3
93,"PRIVATE",1965,263,22,3,3,3
87,"PRIVATE",1966,245,18,3,3,3
96,"PRIVATE",1968,153,13,3,3,3
98,"PRIVATE",1968,153,13,3,2,3
96,"PRIVATE",1969,125,14,3,3,3
98,"PRIVATE",1969,125,14,3,3,3
90,"TCHC",1986,135,8,2,2,3
69,"TCHC",1969,40,6,1,1,3
94,"TCHC",1957,31,3,2,2,3
74,"TCHC",1957,31,3,1,2,3
92,"TCHC",1957,31,3,3,1,3
85,"PRIVATE",1960,16,3,3,2,3
96,"PRIVATE",1975,173,23,3,3,3
97,"PRIVATE",1975,173,23,3,2,3
87,"PRIVATE",1963,40,4,3,2,3
96,"SOCIAL HOUSING",1991,106,11,3,2,3
93,"PRIVATE",1940,33,4,2,3,3
88,"PRIVATE",1920,32,4,3,2,3
92,"PRIVATE",1920,32,4,3,1,3
97,"PRIVATE",2018,51,9,3,3,3
79,"PRIVATE",1947,12,3,2,2,3
92,"PRIVATE",1947,12,3,3,2,3
85,"PRIVATE",1929,32,4,2,3,3
92,"PRIVATE",1929,32,4,3,2,3
96,"PRIVATE",1929,24,3,3,2,3
79,"PRIVATE",1950,32,4,1,1,3
83,"PRIVATE",1950,32,4,2,2,3
91,"TCHC",1977,99,9,3,2,3
88,"PRIVATE",1967,85,16,2,2,3
89,"PRIVATE",1927,37,4,3,1,3
93,"PRIVATE",1927,37,4,3,3,3
84,"TCHC",1994,35,5,2,2,3
97,"TCHC",1994,35,5,3,3,3
86,"PRIVATE",1920,65,6,3,2,3
95,"PRIVATE",1920,65,6,3,3,3
95,"TCHC",1980,50,4,3,3,3
92,"PRIVATE",1965,260,25,3,2,3
82,"PRIVATE",1982,256,14,3,1,3
91,"TCHC",1980,54,12,2,2,3
96,"PRIVATE",2017,248,26,2,3,3
100,"PRIVATE",2017,248,26,3,3,3
92,"PRIVATE",1926,16,4,3,2,3
88,"PRIVATE",1953,15,4,3,3,3
83,"PRIVATE",1953,37,4,2,2,2
94,"PRIVATE",1953,37,4,3,2,3
93,"PRIVATE",1953,15,4,3,2,3
96,"PRIVATE",1953,15,4,3,3,3
76,"PRIVATE",1951,12,3,3,2,3
76,"SOCIAL HOUSING",1959,16,3,3,1,3
86,"PRIVATE",1959,14,3,2,2,3
88,"PRIVATE",1959,16,3,3,3,3
92,"PRIVATE",1959,16,3,3,2,3
95,"PRIVATE",1970,194,15,3,3,3
96,"PRIVATE",1970,194,15,3,2,3
82,"PRIVATE",1969,167,22,3,1,3
81,"PRIVATE",1966,194,16,2,2,3
81,"PRIVATE",1969,100,15,3,2,3
92,"PRIVATE",1972,120,4,3,2,3
95,"PRIVATE",1972,120,4,3,2,3
74,"PRIVATE",1973,356,17,2,2,2
79,"PRIVATE",1966,284,24,3,2,3
84,"PRIVATE",1966,284,24,3,2,3
95,"PRIVATE",1959,26,4,2,3,3
96,"PRIVATE",1955,31,5,3,3,3
98,"PRIVATE",1955,31,5,3,2,3
86,"PRIVATE",1960,24,4,1,2,3
97,"PRIVATE",1960,24,4,3,3,3
94,"PRIVATE",1954,44,4,3,2,3
98,"PRIVATE",1954,44,4,3,2,3
99,"PRIVATE",1954,13,6,3,3,3
100,"PRIVATE",1954,13,6,3,3,3
87,"PRIVATE",1954,44,4,3,1,3
95,"PRIVATE",1960,48,5,3,2,3
99,"PRIVATE",1960,48,5,3,3,3
94,"PRIVATE",1960,10,3,3,3,3
96,"PRIVATE",1960,10,3,3,3,3
91,"PRIVATE",1970,176,13,2,2,3
84,"PRIVATE",1963,100,6,2,2,3
95,"PRIVATE",1963,100,6,3,1,3
91,"PRIVATE",1977,153,13,3,2,3
92,"PRIVATE",1967,151,14,2,3,3
94,"PRIVATE",1967,151,14,3,2,3
95,"TCHC",1974,350,14,2,2,2
91,"PRIVATE",1974,84,7,3,2,2
98,"PRIVATE",1974,84,7,3,3,3
82,"SOCIAL HOUSING",2011,190,18,3,1,3
83,"TCHC",1923,17,3,2,2,3
60,"TCHC",2006,47,3,1,1,3
81,"TCHC",2006,47,3,3,2,3
91,"PRIVATE",1950,19,3,3,3,3
87,"PRIVATE",1952,17,3,3,1,3
90,"PRIVATE",1952,17,3,3,1,3
85,"PRIVATE",1952,17,3,3,3,3
100,"PRIVATE",2012,283,26,3,3,3
100,"PRIVATE",2012,283,26,3,3,3
100,"PRIVATE",2011,218,21,3,3,3
79,"PRIVATE",1950,23,4,2,3,3
90,"PRIVATE",1950,23,4,3,1,3
88,"PRIVATE",1965,47,5,3,3,3
95,"PRIVATE",1965,47,5,3,3,3
91,"PRIVATE",1950,62,7,3,3,3
93,"PRIVATE",1950,62,7,3,3,3
91,"PRIVATE",1965,55,7,3,2,3
96,"PRIVATE",1958,61,4,3,3,3
85,"PRIVATE",1960,61,5,3,2,3
83,"PRIVATE",1960,61,5,2,1,3
82,"PRIVATE",1959,29,3,2,2,3
97,"PRIVATE",1970,66,4,3,2,3
96,"PRIVATE",1970,66,4,3,2,3
76,"TCHC",1967,221,10,1,1,1
87,"PRIVATE",1968,214,18,2,1,3
90,"PRIVATE",1968,214,18,3,1,3
91,"PRIVATE",1968,285,24,2,2,3
91,"PRIVATE",1968,285,24,3,2,3
89,"PRIVATE",1970,284,24,3,2,3
93,"PRIVATE",1970,284,24,3,2,3
92,"TCHC",1971,278,25,3,3,3
84,"TCHC",1971,278,24,2,2,3
96,"PRIVATE",1931,54,4,3,2,3
99,"PRIVATE",1931,54,4,3,3,3
93,"PRIVATE",1960,104,7,3,2,3
87,"PRIVATE",1950,40,4,3,1,3
88,"PRIVATE",1950,40,4,3,3,3
90,"PRIVATE",1950,40,4,3,2,3
89,"PRIVATE",1950,40,4,3,1,3
92,"SOCIAL HOUSING",1989,70,4,3,2,3
96,"SOCIAL HOUSING",1989,70,4,3,3,3
96,"PRIVATE",1960,40,4,3,2,3
98,"PRIVATE",1960,40,4,2,3,3
93,"PRIVATE",1960,40,4,3,2,3
95,"PRIVATE",1960,40,4,3,2,3
97,"PRIVATE",1959,61,4,3,2,3
92,"PRIVATE",1963,76,7,3,2,3
95,"PRIVATE",1963,76,7,3,3,3
84,"PRIVATE",1962,65,6,3,2,3
97,"PRIVATE",1962,65,6,3,3,3
91,"PRIVATE",1966,82,8,3,2,3
99,"PRIVATE",1966,82,8,3,3,3
88,"PRIVATE",1966,77,8,3,2,3
87,"PRIVATE",1960,110,7,2,2,3
81,"PRIVATE",1969,90,7,3,1,3
95,"PRIVATE",1972,122,16,3,2,3
80,"TCHC",1983,166,12,1,3,3
91,"TCHC",1983,166,12,3,2,3
87,"SOCIAL HOUSING",1997,128,7,3,2,3
93,"SOCIAL HOUSING",1997,128,7,3,2,3
96,"SOCIAL HOUSING",1993,205,9,3,2,3
81,"TCHC",1993,102,7,1,1,3
89,"TCHC",1993,102,7,3,2,3
92,"TCHC",2006,220,7,2,3,3
95,"TCHC",2006,220,7,3,2,3
91,"PRIVATE",1961,55,4,3,3,3
93,"PRIVATE",1961,55,4,3,2,3
95,"PRIVATE",1966,73,17,3,3,3
100,"PRIVATE",1966,73,17,3,3,3
78,"PRIVATE",1977,22,4,3,1,3
97,"PRIVATE",1977,22,4,3,1,3
84,"PRIVATE",1977,22,4,3,2,3
79,"PRIVATE",1970,12,4,3,2,3
88,"PRIVATE",1962,26,3,3,2,3
93,"PRIVATE",1962,26,3,3,1,3
89,"PRIVATE",1952,34,4,3,2,3
96,"PRIVATE",1952,34,4,3,3,3
89,"PRIVATE",1955,34,4,3,2,3
93,"PRIVATE",1955,34,4,3,2,3
87,"PRIVATE",1954,22,4,3,3,3
85,"PRIVATE",1970,18,4,3,3,3
86,"PRIVATE",1954,22,3,3,2,3
68,"PRIVATE",1952,15,4,1,2,3
82,"PRIVATE",1970,17,4,3,2,3
94,"PRIVATE",1970,17,4,3,3,3
57,"PRIVATE",1951,11,3,1,3,3
91,"PRIVATE",1956,21,3,3,2,3
90,"PRIVATE",1963,102,4,2,2,3
95,"PRIVATE",1963,102,4,3,3,3
93,"PRIVATE",1963,95,4,3,2,3
97,"SOCIAL HOUSING",1993,63,3,3,3,3
98,"SOCIAL HOUSING",1993,63,3,3,3,3
97,"SOCIAL HOUSING",1993,66,3,3,3,3
90,"PRIVATE",1969,48,5,3,2,3
82,"PRIVATE",1962,109,7,3,2,3
84,"PRIVATE",1970,17,3,3,2,3
97,"PRIVATE",1970,17,3,3,3,3
88,"PRIVATE",1968,32,3,3,3,3
87,"PRIVATE",1968,32,3,3,3,3
95,"PRIVATE",1970,45,5,3,3,3
99,"PRIVATE",1970,45,5,3,3,3
87,"PRIVATE",1965,10,3,3,3,3
77,"PRIVATE",1950,51,5,2,2,3
91,"PRIVATE",1950,51,5,3,2,3
95,"PRIVATE",1962,55,6,3,3,3
95,"PRIVATE",1962,55,6,3,3,3
88,"PRIVATE",1960,49,5,3,2,3
96,"PRIVATE",1960,49,5,3,3,3
88,"PRIVATE",1970,141,19,3,3,3
92,"PRIVATE",1970,141,19,3,3,3
66,"PRIVATE",1956,13,3,1,1,3
80,"PRIVATE",1956,11,3,2,2,3
91,"PRIVATE",1956,11,3,3,2,3
90,"PRIVATE",1962,29,8,3,3,3
87,"TCHC",1963,47,6,3,2,3
94,"TCHC",1963,47,6,3,3,3
87,"PRIVATE",1979,47,9,2,3,3
95,"PRIVATE",1979,47,9,3,2,3
68,"PRIVATE",1929,60,5,2,1,3
74,"PRIVATE",1929,60,5,3,1,3
89,"PRIVATE",1926,30,4,3,2,3
92,"PRIVATE",1926,30,4,3,1,3
90,"PRIVATE",1963,76,12,3,3,3
94,"PRIVATE",1963,76,12,3,2,3
78,"PRIVATE",1965,88,8,2,2,1
91,"PRIVATE",1960,71,8,3,2,3
95,"PRIVATE",1960,71,8,3,3,3
92,"PRIVATE",1960,61,7,3,1,3
93,"PRIVATE",1960,61,7,3,2,3
90,"PRIVATE",1968,427,28,2,3,3
94,"PRIVATE",1968,427,28,3,3,3
89,"PRIVATE",1931,48,6,3,2,3
94,"PRIVATE",1928,26,3,3,3,3
96,"PRIVATE",1928,26,3,3,2,3
91,"PRIVATE",1928,32,3,3,2,3
99,"PRIVATE",1928,32,3,3,2,3
91,"PRIVATE",1928,34,3,3,2,3
91,"PRIVATE",1966,118,18,3,3,3
97,"PRIVATE",1966,118,18,3,3,3
81,"TCHC",1970,719,29,2,2,3
83,"TCHC",1970,719,29,1,2,3
89,"PRIVATE",1923,38,3,3,1,3
98,"PRIVATE",1923,38,3,3,3,3
88,"PRIVATE",1963,69,7,2,2,3
78,"PRIVATE",1968,554,29,3,2,3
92,"PRIVATE",1968,565,32,3,2,3
96,"PRIVATE",1968,565,32,3,2,3
88,"PRIVATE",1969,571,32,3,2,3
95,"PRIVATE",1969,571,32,3,2,3
99,"PRIVATE",2023,171,13,3,3,3
98,"PRIVATE",2023,160,13,3,3,3
95,"PRIVATE",1960,154,15,3,2,3
95,"PRIVATE",1960,154,15,3,2,3
91,"TCHC",1959,299,11,3,3,3
82,"PRIVATE",1965,371,18,2,2,3
86,"PRIVATE",1965,371,18,2,1,3
92,"PRIVATE",1965,371,19,3,2,3
71,"PRIVATE",1952,29,3,3,2,3
80,"PRIVATE",1952,29,3,3,2,3
70,"PRIVATE",1952,29,3,3,1,3
75,"PRIVATE",1952,29,3,2,2,3
75,"PRIVATE",1950,29,3,3,2,3
76,"PRIVATE",1950,29,3,3,2,3
88,"PRIVATE",1953,30,3,3,3,3
81,"PRIVATE",1956,11,3,2,2,3
98,"PRIVATE",1956,11,3,3,2,3
85,"PRIVATE",1956,12,3,3,2,3
98,"PRIVATE",1956,12,3,3,2,3
57,"PRIVATE",1972,14,3,2,1,2
59,"PRIVATE",1952,11,3,1,1,3
78,"PRIVATE",1958,15,3,3,3,3
89,"PRIVATE",1958,15,3,3,3,3
85,"PRIVATE",1954,22,3,3,2,3
87,"PRIVATE",1954,22,3,3,1,3
90,"SOCIAL HOUSING",1995,24,5,3,3,3
94,"SOCIAL HOUSING",1995,24,5,3,2,3
94,"PRIVATE",1957,11,3,3,3,3
78,"PRIVATE",1960,10,3,2,1,3
85,"PRIVATE",1960,10,3,2,3,3
82,"PRIVATE",1967,246,25,1,3,3
82,"PRIVATE",1967,246,25,1,1,2
73,"PRIVATE",1967,245,25,1,2,3
82,"PRIVATE",1967,245,25,1,1,2
89,"TCHC",1973,391,17,1,2,3
88,"TCHC",1973,391,17,2,2,3
86,"PRIVATE",1970,112,12,3,1,3
88,"PRIVATE",1970,112,12,3,2,3
88,"PRIVATE",1962,62,8,2,3,3
84,"PRIVATE",1962,76,8,3,2,3
93,"PRIVATE",1959,97,6,3,2,3
95,"PRIVATE",1959,97,6,3,3,3
89,"PRIVATE",1961,93,6,3,2,3
83,"PRIVATE",1961,65,6,2,1,3
92,"PRIVATE",1967,150,19,3,3,3
79,"PRIVATE",1965,101,12,2,2,3
89,"PRIVATE",1962,116,9,2,2,3
91,"PRIVATE",1957,34,4,3,3,3
86,"PRIVATE",1960,61,3,3,2,3
85,"PRIVATE",1961,33,4,2,2,3
92,"PRIVATE",1960,65,8,3,2,3
93,"PRIVATE",1960,65,8,3,3,3
93,"PRIVATE",1962,97,13,3,3,3
94,"PRIVATE",1963,69,10,3,2,3
80,"PRIVATE",1968,52,6,2,3,3
81,"PRIVATE",1972,214,27,2,2,3
84,"PRIVATE",1973,214,27,1,3,3
75,"TCHC",1984,176,18,2,1,2
89,"TCHC",1984,176,18,3,2,3
98,"PRIVATE",1961,59,4,3,3,3
84,"PRIVATE",1961,55,4,3,2,3
89,"PRIVATE",1961,55,4,3,2,3
83,"PRIVATE",1960,93,4,3,2,2
90,"PRIVATE",1960,93,4,3,2,3
96,"PRIVATE",1960,97,4,3,3,3
97,"PRIVATE",1963,57,4,3,2,3
95,"PRIVATE",1963,57,4,3,2,3
75,"PRIVATE",1972,263,27,2,2,2
77,"PRIVATE",1972,263,27,1,1,3
92,"PRIVATE",1977,46,3,3,2,3
96,"PRIVATE",1977,46,3,3,3,3
83,"PRIVATE",1977,61,3,3,1,3
86,"PRIVATE",1968,122,11,3,1,3
82,"PRIVATE",1968,121,11,3,2,3
94,"PRIVATE",1968,121,11,3,3,3
91,"PRIVATE",1975,139,19,3,2,3
89,"PRIVATE",1975,139,18,3,3,3
91,"PRIVATE",1974,233,17,3,2,3
96,"PRIVATE",1974,228,17,3,1,3
97,"PRIVATE",1974,228,17,3,3,3
90,"PRIVATE",1973,233,17,3,3,3
74,"PRIVATE",1920,18,3,1,1,3
76,"PRIVATE",1920,18,3,1,3,3
88,"PRIVATE",1920,18,3,2,2,3
97,"PRIVATE",1958,65,3,3,3,3
97,"PRIVATE",1958,65,3,3,2,3
98,"SOCIAL HOUSING",1992,16,4,3,3,3
90,"PRIVATE",1971,328,20,3,2,3
87,"PRIVATE",1971,132,16,2,2,3
78,"TCHC",1972,238,14,1,3,3
76,"PRIVATE",1959,12,3,3,2,3
84,"PRIVATE",1960,41,4,3,2,3
78,"PRIVATE",1958,24,3,3,2,3
99,"PRIVATE",1958,24,3,3,3,3
76,"PRIVATE",1965,13,4,1,1,1
85,"PRIVATE",1965,13,4,1,2,3
95,"PRIVATE",1956,56,4,3,2,3
98,"PRIVATE",1956,56,4,3,3,3
91,"PRIVATE",1950,60,4,3,1,3
99,"PRIVATE",1950,60,4,3,3,3
89,"TCHC",1982,125,5,3,2,3
89,"PRIVATE",1955,46,4,3,2,3
97,"PRIVATE",1955,46,4,3,3,3
98,"PRIVATE",1960,20,3,3,3,3
90,"PRIVATE",1960,26,3,3,2,3
96,"PRIVATE",1960,26,3,3,3,3
76,"PRIVATE",1955,26,3,3,2,3
90,"PRIVATE",1957,11,3,2,2,3
93,"PRIVATE",1960,20,3,3,2,3
88,"PRIVATE",1952,40,3,3,2,3
96,"PRIVATE",1952,40,3,3,3,3
87,"PRIVATE",1952,33,3,3,2,3
94,"PRIVATE",1952,33,3,3,3,3
85,"PRIVATE",1950,32,3,2,2,3
93,"PRIVATE",1950,32,3,3,3,3
84,"PRIVATE",1958,10,3,2,1,3
75,"PRIVATE",1960,10,3,3,2,3
79,"PRIVATE",1960,10,3,1,2,3
74,"PRIVATE",1958,10,3,2,2,3
76,"PRIVATE",1958,10,3,1,2,3
96,"PRIVATE",2023,160,12,2,3,3
89,"TCHC",1995,132,5,3,2,3
74,"PRIVATE",1953,11,3,1,1,2
77,"PRIVATE",1953,11,3,1,1,2
69,"PRIVATE",1953,11,3,1,1,3
79,"PRIVATE",1953,11,3,2,2,3
76,"PRIVATE",1953,11,3,1,2,2
73,"PRIVATE",1955,11,3,2,1,3
87,"PRIVATE",1960,12,3,3,2,3
75,"PRIVATE",1960,12,3,3,2,3
91,"PRIVATE",1960,12,3,3,2,3
92,"PRIVATE",1960,44,4,3,3,3
93,"PRIVATE",1960,44,4,3,2,3
85,"PRIVATE",1960,23,3,2,2,3
93,"PRIVATE",1960,36,3,2,2,3
87,"PRIVATE",1960,36,3,3,2,3
75,"PRIVATE",1953,16,3,2,2,3
89,"PRIVATE",1965,118,11,3,2,3
91,"PRIVATE",1970,229,15,3,3,3
93,"PRIVATE",1970,229,15,3,3,3
92,"PRIVATE",1970,61,4,3,2,3
95,"PRIVATE",1970,61,4,3,2,3
83,"PRIVATE",1968,80,4,2,2,3
93,"PRIVATE",1968,80,4,3,3,3
91,"TCHC",1993,124,8,3,2,3
88,"PRIVATE",1960,85,8,3,1,3
84,"PRIVATE",1960,86,8,2,2,3
91,"PRIVATE",1960,86,8,3,1,3
81,"PRIVATE",1960,81,8,2,1,3
87,"PRIVATE",1960,81,8,2,1,3
87,"PRIVATE",1960,84,7,2,2,3
94,"PRIVATE",1960,84,7,3,2,3
85,"PRIVATE",1968,27,4,2,1,3
91,"PRIVATE",1960,36,4,3,2,3
100,"PRIVATE",1960,36,4,3,3,3
91,"PRIVATE",1960,82,4,3,2,3
96,"PRIVATE",1955,32,4,3,2,3
77,"PRIVATE",1954,31,3,2,2,3
91,"PRIVATE",1954,31,3,3,2,3
79,"PRIVATE",1954,31,3,3,2,3
95,"PRIVATE",1954,31,3,3,3,3
86,"TCHC",1993,79,4,3,2,3
84,"PRIVATE",1970,25,4,2,3,3
64,"PRIVATE",1922,16,3,2,2,3
92,"PRIVATE",1962,92,6,3,2,3
95,"PRIVATE",1962,92,6,3,1,3
95,"PRIVATE",1962,52,6,3,2,3
88,"PRIVATE",1950,11,3,3,2,3
91,"PRIVATE",1950,11,3,3,2,3
91,"PRIVATE",1965,11,3,3,2,3
92,"PRIVATE",1965,11,3,3,2,3
89,"PRIVATE",1950,11,3,3,2,3
92,"PRIVATE",1950,11,3,3,2,3
95,"PRIVATE",1950,11,3,3,2,3
91,"PRIVATE",1956,22,3,3,2,3
93,"PRIVATE",1956,22,3,3,2,3
90,"PRIVATE",1965,11,3,3,2,3
94,"PRIVATE",1965,11,3,3,2,3
89,"PRIVATE",1959,11,3,3,3,3
93,"PRIVATE",1965,11,3,3,2,3
93,"PRIVATE",1965,11,3,3,2,3
94,"PRIVATE",1965,11,3,3,3,3
94,"PRIVATE",1965,11,3,3,2,3
86,"PRIVATE",1960,11,3,2,2,3
99,"PRIVATE",1960,82,4,3,3,3
92,"PRIVATE",1958,35,4,3,2,3
99,"PRIVATE",1958,35,4,3,3,3
87,"PRIVATE",1960,66,3,3,1,3
80,"PRIVATE",1958,42,4,1,2,3
79,"PRIVATE",1958,42,4,1,2,3
91,"PRIVATE",1971,40,4,3,2,3
94,"PRIVATE",1971,40,4,3,2,3
90,"PRIVATE",1955,42,4,3,3,3
93,"PRIVATE",1955,42,4,3,3,3
76,"PRIVATE",1958,55,4,3,2,3
87,"PRIVATE",1958,55,4,2,3,3
75,"PRIVATE",1958,55,4,1,2,3
84,"PRIVATE",1958,55,4,3,2,3
78,"PRIVATE",1958,21,4,1,1,3
80,"PRIVATE",1958,21,4,2,2,3
91,"PRIVATE",1960,42,4,3,3,3
93,"PRIVATE",1960,42,4,2,2,3
90,"PRIVATE",1960,42,4,2,2,3
82,"PRIVATE",1950,10,3,2,2,3
80,"PRIVATE",1950,10,3,2,2,3
92,"PRIVATE",1953,11,3,3,2,3
79,"PRIVATE",1950,10,3,3,2,3
84,"PRIVATE",1950,10,3,2,3,3
87,"PRIVATE",1950,10,3,1,3,3
88,"PRIVATE",1964,10,3,3,2,3
86,"PRIVATE",1973,10,3,3,2,3
85,"PRIVATE",1967,10,3,2,2,2
74,"PRIVATE",1926,52,4,1,3,1
93,"PRIVATE",1934,24,4,3,3,3
91,"PRIVATE",1952,79,5,3,1,3
96,"PRIVATE",1940,33,3,3,2,3
88,"PRIVATE",1957,97,7,2,2,3
95,"PRIVATE",1957,97,7,3,2,3
84,"PRIVATE",1955,45,4,3,1,3
84,"PRIVATE",1957,23,4,2,3,3
86,"PRIVATE",1977,38,4,2,2,3
75,"PRIVATE",1966,106,8,1,2,3
85,"PRIVATE",1966,106,8,1,3,3
79,"SOCIAL HOUSING",1990,210,16,3,1,3
99,"PRIVATE",2017,272,29,3,3,3
99,"PRIVATE",2017,272,29,3,3,3
99,"PRIVATE",2016,186,10,3,3,3
99,"PRIVATE",2016,186,10,3,3,3
99,"PRIVATE",2016,176,10,3,3,3
99,"PRIVATE",2023,276,30,3,3,3
88,"PRIVATE",1913,22,3,2,2,3
66,"PRIVATE",1900,16,3,1,1,3
69,"PRIVATE",1900,16,3,1,1,2
92,"PRIVATE",1959,70,7,3,1,3
93,"PRIVATE",1959,70,7,3,2,3
91,"PRIVATE",1960,11,3,3,2,3
87,"PRIVATE",1962,11,3,3,2,3
88,"PRIVATE",1954,12,3,3,1,3
98,"PRIVATE",1962,52,6,3,3,3
99,"PRIVATE",1962,52,6,3,2,3
93,"PRIVATE",1964,37,6,3,2,3
91,"PRIVATE",1964,37,6,3,2,3
92,"PRIVATE",1955,18,3,3,3,3
93,"TCHC",1977,330,10,2,3,3
97,"PRIVATE",1982,141,9,3,2,3
95,"PRIVATE",1982,132,9,3,3,3
89,"PRIVATE",1954,34,4,3,2,3
92,"PRIVATE",1956,28,4,3,2,3
85,"PRIVATE",1968,27,4,3,2,3
77,"PRIVATE",1954,54,4,3,1,3
94,"PRIVATE",1954,54,4,3,3,3
81,"PRIVATE",1954,54,4,3,1,3
91,"PRIVATE",1954,54,4,3,2,3
89,"PRIVATE",1960,59,4,3,2,3
95,"PRIVATE",1960,59,4,3,2,3
99,"PRIVATE",1958,35,4,3,3,3
83,"PRIVATE",1954,26,4,3,2,3
89,"PRIVATE",1954,26,4,3,2,3
90,"PRIVATE",1964,67,8,3,3,3
93,"PRIVATE",1964,67,8,3,2,3
87,"SOCIAL HOUSING",1987,112,8,3,2,3
92,"SOCIAL HOUSING",1987,112,8,2,3,3
92,"PRIVATE",1954,54,4,3,2,3
93,"PRIVATE",1954,54,4,3,2,3
83,"PRIVATE",1966,52,5,3,2,3
93,"PRIVATE",1966,52,5,2,2,3
96,"PRIVATE",1958,54,5,3,3,3
95,"PRIVATE",1958,54,5,3,3,3
97,"PRIVATE",1966,93,7,3,3,3
98,"PRIVATE",1966,93,7,3,3,3
86,"PRIVATE",1968,59,4,2,2,3
92,"PRIVATE",1958,43,4,3,2,3
94,"PRIVATE",1958,43,4,3,3,3
95,"PRIVATE",1958,43,4,3,3,3
94,"PRIVATE",1962,85,6,3,2,3
93,"PRIVATE",1960,35,4,3,2,3
99,"PRIVATE",1963,100,7,3,3,3
96,"PRIVATE",1963,100,7,3,2,3
100,"PRIVATE",1963,100,7,3,3,3
84,"PRIVATE",1961,67,7,1,2,3
90,"PRIVATE",1961,67,7,3,2,3
92,"PRIVATE",1979,83,10,3,2,3
91,"PRIVATE",1959,36,4,3,2,3
94,"PRIVATE",1959,36,4,3,2,3
93,"PRIVATE",1959,36,4,3,3,3
69,"PRIVATE",1964,204,12,2,2,2
75,"PRIVATE",1964,204,12,1,1,3
79,"PRIVATE",1964,240,15,1,2,3
78,"PRIVATE",1960,91,7,1,2,2
76,"PRIVATE",1961,11,3,3,2,3
93,"PRIVATE",1964,72,6,3,2,3
95,"PRIVATE",1964,71,6,2,2,3
98,"PRIVATE",1964,71,6,3,3,3
79,"PRIVATE",1962,69,6,2,2,2
94,"PRIVATE",1960,104,7,3,2,3
95,"PRIVATE",1972,178,13,3,3,3
78,"TCHC",1971,203,15,1,2,3
88,"TCHC",1971,203,15,2,2,3
77,"TCHC",1971,201,15,1,2,3
89,"TCHC",1971,201,15,1,3,3
81,"PRIVATE",1972,228,6,1,1,3
90,"PRIVATE",2017,337,37,3,2,3
91,"PRIVATE",1960,34,3,3,3,3
87,"PRIVATE",1960,33,4,2,2,3
89,"PRIVATE",1960,33,4,3,2,3
86,"PRIVATE",1960,33,4,2,2,3
90,"PRIVATE",1960,33,4,3,2,3
90,"PRIVATE",1960,33,4,3,2,3
87,"TCHC",1967,198,11,2,2,3
91,"TCHC",1967,198,11,2,2,3
90,"PRIVATE",1965,131,18,3,1,3
91,"PRIVATE",1965,131,18,3,2,3
98,"PRIVATE",1965,63,7,3,3,3
100,"PRIVATE",1965,63,7,3,3,3
68,"PRIVATE",1970,78,10,2,1,3
83,"PRIVATE",1970,78,10,2,2,3
83,"PRIVATE",1960,71,8,2,3,3
80,"PRIVATE",1955,38,4,3,1,3
74,"PRIVATE",1960,40,3,2,1,3
78,"PRIVATE",1960,40,3,2,1,3
87,"PRIVATE",1971,61,10,3,3,3
83,"PRIVATE",1966,174,15,3,1,3
86,"PRIVATE",1966,174,15,1,1,3
74,"PRIVATE",1961,33,4,3,1,3
90,"PRIVATE",1961,33,4,3,1,3
85,"PRIVATE",1960,85,13,3,3,3
84,"PRIVATE",1958,35,4,2,1,3
90,"PRIVATE",1958,35,4,2,1,3
73,"PRIVATE",1920,10,4,3,1,3
91,"PRIVATE",1964,547,25,3,3,3
96,"PRIVATE",1928,15,4,3,3,3
90,"PRIVATE",1954,12,3,3,2,3
89,"TCHC",1964,223,15,1,2,3
87,"TCHC",1964,223,15,2,2,3
93,"PRIVATE",1965,49,7,3,2,3
87,"PRIVATE",1963,79,5,1,2,3
83,"PRIVATE",1963,79,5,3,2,3
95,"PRIVATE",1968,126,13,3,2,3
96,"PRIVATE",1968,126,13,3,2,3
94,"PRIVATE",1968,108,7,3,2,3
96,"PRIVATE",1968,108,7,3,2,3
94,"PRIVATE",1971,105,7,3,2,3
96,"PRIVATE",1971,105,7,3,2,3
94,"PRIVATE",1971,128,13,3,2,3
96,"PRIVATE",1971,128,13,3,2,3
99,"PRIVATE",2022,259,16,3,3,3
72,"PRIVATE",1957,10,3,2,2,3
80,"PRIVATE",1957,10,3,2,2,3
91,"PRIVATE",1956,10,3,3,2,3
98,"PRIVATE",1956,10,3,3,2,3
87,"PRIVATE",1950,11,3,3,2,3
96,"PRIVATE",1950,11,3,3,2,3
98,"PRIVATE",1975,11,3,3,3,3
97,"PRIVATE",1975,11,3,3,2,3
87,"PRIVATE",1956,10,3,3,2,3
96,"PRIVATE",1950,11,3,3,3,3
67,"PRIVATE",1957,10,3,3,2,3
84,"PRIVATE",1957,10,3,3,2,3
83,"PRIVATE",1960,11,3,2,2,3
87,"PRIVATE",1960,11,3,3,2,3
81,"PRIVATE",1965,11,3,2,2,3
87,"PRIVATE",1965,11,3,3,2,3
94,"PRIVATE",1955,10,3,3,3,3
93,"PRIVATE",1960,11,3,3,3,3
76,"PRIVATE",1960,11,3,1,1,3
95,"PRIVATE",1960,11,3,3,2,3
84,"PRIVATE",1955,25,3,2,1,3
99,"PRIVATE",1955,25,3,3,3,3
97,"PRIVATE",1950,28,3,3,2,3
90,"PRIVATE",1960,11,3,3,2,3
97,"PRIVATE",1960,11,3,3,3,3
94,"PRIVATE",1950,11,3,3,2,3
69,"PRIVATE",1956,15,3,2,2,3
69,"PRIVATE",1956,15,3,1,2,3
70,"PRIVATE",1956,11,3,2,2,3
79,"PRIVATE",1956,11,3,3,2,3
88,"PRIVATE",1956,22,4,3,2,2
89,"PRIVATE",1962,23,4,3,3,3
95,"PRIVATE",1962,23,4,3,2,3
84,"PRIVATE",1959,23,4,3,2,3
88,"PRIVATE",1959,23,4,3,1,3
98,"PRIVATE",1954,16,4,3,3,3
99,"PRIVATE",1954,16,4,3,3,3
87,"PRIVATE",1967,12,3,3,3,3
94,"PRIVATE",1967,12,3,3,2,3
96,"SOCIAL HOUSING",1992,128,8,3,3,3
81,"PRIVATE",1968,40,5,3,1,3
81,"PRIVATE",1965,153,13,1,2,3
95,"PRIVATE",1965,153,13,3,3,3
80,"PRIVATE",1968,154,7,2,1,3
84,"PRIVATE",1968,154,7,3,1,3
89,"PRIVATE",1978,228,23,2,3,3
89,"PRIVATE",1978,227,23,3,2,3
95,"PRIVATE",1978,227,23,3,2,3
95,"PRIVATE",1976,416,23,2,3,3
94,"PRIVATE",1976,343,19,2,3,3
97,"PRIVATE",1976,343,19,3,3,3
86,"PRIVATE",1978,325,18,2,2,3
83,"PRIVATE",1973,156,16,3,1,3
79,"PRIVATE",1971,180,12,2,2,3
94,"SOCIAL HOUSING",1982,259,15,3,3,3
98,"SOCIAL HOUSING",1982,259,15,3,3,3
97,"PRIVATE",1979,211,12,3,3,3
97,"PRIVATE",1979,211,12,3,3,3
96,"PRIVATE",1955,11,3,3,3,3
84,"PRIVATE",1957,11,3,3,2,3
89,"PRIVATE",1955,11,3,3,2,3
92,"PRIVATE",1955,11,3,2,2,3
78,"PRIVATE",1955,11,3,3,2,3
84,"PRIVATE",1955,11,3,3,2,3
82,"PRIVATE",1956,11,3,3,1,3
91,"PRIVATE",1956,11,3,2,2,3
82,"PRIVATE",1949,11,3,2,3,3
95,"PRIVATE",1949,11,3,3,3,3
88,"PRIVATE",1949,11,3,3,3,3
95,"PRIVATE",1949,11,3,3,3,3
83,"PRIVATE",1951,11,3,3,2,3
89,"PRIVATE",1951,11,3,2,2,3
84,"PRIVATE",1949,11,3,3,3,2
76,"PRIVATE",1953,11,3,3,1,3
90,"PRIVATE",1949,11,3,2,3,3
92,"PRIVATE",1955,11,3,3,2,3
87,"PRIVATE",1949,11,3,3,3,3
89,"PRIVATE",1955,11,3,3,2,3
95,"PRIVATE",1955,11,3,3,2,3
92,"PRIVATE",1949,11,3,3,3,3
72,"PRIVATE",1954,11,3,1,1,3
72,"PRIVATE",1954,11,3,2,2,3
79,"PRIVATE",1949,11,3,3,3,3
70,"PRIVATE",1954,11,3,1,1,3
84,"PRIVATE",1954,11,3,3,2,3
87,"PRIVATE",1949,11,3,2,2,3
81,"PRIVATE",1921,13,3,2,3,3
80,"PRIVATE",1921,13,3,2,2,3
88,"PRIVATE",1963,118,7,3,2,3
94,"PRIVATE",1963,118,7,3,2,2
94,"PRIVATE",1964,118,7,3,3,3
79,"PRIVATE",1963,118,7,1,2,3
94,"PRIVATE",1963,118,7,3,2,2
98,"PRIVATE",1950,14,4,2,2,3
93,"PRIVATE",1959,88,4,3,2,3
97,"PRIVATE",1959,88,4,3,3,3
99,"PRIVATE",1957,38,4,3,2,3
100,"PRIVATE",1957,38,4,3,3,3
99,"PRIVATE",1957,38,4,3,2,3
99,"PRIVATE",1959,38,4,3,2,3
100,"PRIVATE",1959,38,4,3,3,3
78,"PRIVATE",1954,28,4,1,2,3
93,"PRIVATE",1954,28,4,3,3,3
85,"PRIVATE",1961,36,4,2,3,3
92,"PRIVATE",1960,133,10,3,3,3
92,"PRIVATE",1960,133,10,3,2,3
95,"PRIVATE",1960,133,10,3,2,3
95,"PRIVATE",1967,132,8,3,3,3
76,"PRIVATE",1958,86,4,1,2,3
76,"PRIVATE",1960,47,4,2,1,3
91,"PRIVATE",1960,47,4,3,2,3
77,"PRIVATE",1959,87,4,3,1,3
82,"PRIVATE",1970,23,4,2,3,3
95,"SOCIAL HOUSING",1981,53,7,3,3,3
96,"SOCIAL HOUSING",1981,53,7,3,3,3
95,"TCHC",2008,56,4,3,3,3
98,"TCHC",2008,56,4,3,2,3
85,"PRIVATE",1965,30,4,3,2,3
96,"PRIVATE",1965,30,4,3,2,3
96,"PRIVATE",1928,29,3,3,3,3
91,"PRIVATE",1940,33,3,3,2,3
92,"PRIVATE",1940,33,3,3,2,3
96,"PRIVATE",1962,138,11,3,3,3
99,"PRIVATE",1962,138,11,3,2,3
92,"PRIVATE",1964,117,12,3,3,3
78,"PRIVATE",1978,36,3,1,2,3
93,"PRIVATE",1978,36,3,2,3,3
83,"PRIVATE",1900,20,3,3,1,1
94,"PRIVATE",1900,20,3,3,2,3
91,"PRIVATE",1960,44,8,3,2,3
96,"PRIVATE",1960,44,8,3,2,3
81,"TCHC",1991,139,11,3,1,3
91,"TCHC",1991,139,11,3,2,3
95,"SOCIAL HOUSING",1994,61,4,3,3,3
97,"PRIVATE",1965,207,15,3,2,3
99,"PRIVATE",1965,207,15,3,3,3
83,"TCHC",1968,198,10,2,2,1
95,"SOCIAL HOUSING",1993,130,5,3,3,3
98,"SOCIAL HOUSING",1993,130,5,3,3,3
92,"PRIVATE",1947,29,4,3,1,3
80,"PRIVATE",1957,39,6,2,2,3
95,"PRIVATE",1957,39,6,3,1,3
94,"PRIVATE",1953,32,4,3,3,3
98,"PRIVATE",1953,32,4,3,3,3
97,"PRIVATE",1955,48,5,3,1,3
99,"PRIVATE",1955,48,5,3,2,3
89,"PRIVATE",1954,39,7,3,1,3
98,"PRIVATE",1971,121,11,3,3,3
87,"PRIVATE",1971,108,10,2,2,3
92,"PRIVATE",1971,108,10,3,2,3
80,"PRIVATE",1971,84,8,2,1,3
94,"PRIVATE",1971,56,8,3,3,3
95,"PRIVATE",1976,134,7,2,2,3
96,"PRIVATE",1967,100,12,3,3,3
96,"PRIVATE",1976,92,8,3,2,3
98,"PRIVATE",1976,92,8,3,2,3
93,"PRIVATE",1959,61,5,3,2,3
93,"PRIVATE",1959,61,5,3,2,3
96,"SOCIAL HOUSING",1990,75,6,3,2,3
99,"SOCIAL HOUSING",1990,75,6,3,2,3
90,"PRIVATE",1972,300,17,3,2,3
90,"PRIVATE",1967,216,17,2,3,3
97,"PRIVATE",2015,95,7,3,3,3
99,"PRIVATE",2015,95,7,3,3,3
92,"PRIVATE",1967,216,17,3,2,3
92,"PRIVATE",1967,216,17,2,2,3
92,"PRIVATE",2006,232,14,3,3,3
94,"PRIVATE",1920,14,4,3,2,3
76,"PRIVATE",1966,248,12,2,2,3
78,"PRIVATE",1966,243,12,2,2,3
81,"PRIVATE",1966,243,12,1,2,3
88,"PRIVATE",1957,60,6,3,2,3
97,"PRIVATE",1957,60,6,3,3,3
99,"PRIVATE",1951,72,5,3,2,3
98,"PRIVATE",1951,72,5,3,2,3
98,"TCHC",1972,307,16,3,3,3
96,"PRIVATE",1965,60,6,3,2,3
91,"PRIVATE",1960,60,6,3,3,3
98,"PRIVATE",1960,60,6,3,3,3
95,"PRIVATE",1963,122,10,3,2,3
98,"PRIVATE",1963,122,10,3,3,3
95,"PRIVATE",1963,90,10,3,2,3
98,"PRIVATE",1963,90,10,3,3,3
91,"PRIVATE",1963,91,10,3,1,3
98,"PRIVATE",1964,162,13,3,2,3
99,"PRIVATE",1964,162,13,3,3,3
94,"SOCIAL HOUSING",1995,108,4,3,3,3
87,"PRIVATE",1962,72,7,2,2,3
92,"PRIVATE",1962,72,7,3,2,3
88,"PRIVATE",1967,155,13,2,2,3
95,"PRIVATE",1968,155,13,3,3,3
90,"PRIVATE",1968,189,14,3,1,3
95,"PRIVATE",1968,189,14,3,3,3
89,"PRIVATE",1966,179,18,3,2,3
96,"PRIVATE",1986,107,18,3,3,3
83,"PRIVATE",1970,23,4,3,3,3
81,"PRIVATE",1951,22,3,3,3,3
96,"PRIVATE",1961,151,9,3,2,3
98,"PRIVATE",1961,151,9,3,2,3
91,"PRIVATE",1958,45,3,3,3,3
94,"PRIVATE",1958,45,3,3,3,3
80,"PRIVATE",1955,21,3,3,2,3
89,"PRIVATE",1950,11,3,3,1,3
92,"PRIVATE",1950,11,3,3,2,3
90,"PRIVATE",1950,30,4,3,2,3
95,"PRIVATE",1950,30,4,3,2,3
70,"PRIVATE",1955,42,4,1,1,3
92,"PRIVATE",1955,42,4,3,2,3
86,"PRIVATE",1970,44,4,3,2,3
88,"PRIVATE",1970,44,4,2,2,3
92,"PRIVATE",1952,37,3,3,2,3
97,"PRIVATE",1952,37,3,3,3,3
93,"PRIVATE",1910,10,3,3,2,3
96,"PRIVATE",1952,34,3,3,2,3
94,"PRIVATE",1952,61,4,3,1,3
93,"PRIVATE",1952,110,6,2,3,3
84,"PRIVATE",1955,46,4,2,3,3
96,"PRIVATE",1955,46,4,3,3,3
94,"PRIVATE",1952,75,3,1,3,3
96,"PRIVATE",1952,55,3,3,3,3
92,"PRIVATE",1952,26,4,3,3,3
91,"PRIVATE",2019,146,17,2,3,3
85,"TCHC",1980,37,5,3,1,3
81,"TCHC",1960,42,3,2,2,3
96,"TCHC",1960,42,3,3,2,3
85,"TCHC",1980,167,10,3,2,3
96,"PRIVATE",1999,38,5,2,2,3
100,"PRIVATE",1999,38,5,3,3,3
92,"PRIVATE",1965,109,10,3,2,3
87,"PRIVATE",1962,47,4,2,2,3
90,"PRIVATE",1962,47,4,3,2,3
95,"PRIVATE",1959,87,5,3,3,3
97,"PRIVATE",1959,87,5,3,3,3
96,"PRIVATE",1959,87,5,3,3,3
95,"PRIVATE",1959,87,5,3,3,3
100,"PRIVATE",1965,23,3,3,3,3
79,"PRIVATE",1967,149,13,3,2,3
86,"PRIVATE",1965,115,5,3,3,3
92,"PRIVATE",1965,115,5,3,3,3
73,"PRIVATE",1972,144,13,2,2,2
87,"PRIVATE",1950,144,13,2,2,3
95,"SOCIAL HOUSING",2005,30,3,3,2,3
96,"SOCIAL HOUSING",2005,30,3,3,1,3
81,"PRIVATE",1960,77,6,2,1,2
92,"PRIVATE",1960,77,6,3,3,3
96,"PRIVATE",1960,77,6,3,2,3
94,"PRIVATE",1955,82,6,3,2,3
94,"PRIVATE",1955,82,6,3,2,3
82,"PRIVATE",1960,76,6,3,2,2
90,"PRIVATE",2006,232,14,3,3,3
94,"PRIVATE",2017,188,20,3,3,3
95,"PRIVATE",1970,287,18,3,3,3
99,"PRIVATE",2013,105,8,3,3,3
100,"PRIVATE",2013,105,8,3,3,3
85,"TCHC",1962,81,7,3,3,3
91,"PRIVATE",1965,87,7,3,2,3
93,"PRIVATE",1962,65,6,3,2,3
96,"PRIVATE",1962,78,7,3,3,3
95,"PRIVATE",1963,65,6,3,2,3
81,"PRIVATE",1962,81,7,3,2,3
85,"PRIVATE",1962,81,7,3,1,3
85,"PRIVATE",1962,65,6,2,2,3
89,"PRIVATE",1962,65,6,3,2,3
92,"PRIVATE",1962,85,6,3,1,3
92,"SOCIAL HOUSING",1994,68,7,3,3,3
91,"SOCIAL HOUSING",1994,68,7,3,2,3
97,"SOCIAL HOUSING",1992,16,6,3,2,3
79,"SOCIAL HOUSING",1989,10,3,2,1,3
90,"PRIVATE",1888,17,3,1,2,3
90,"PRIVATE",1888,17,3,2,3,3
85,"PRIVATE",1969,568,22,2,1,3
99,"PRIVATE",1969,568,22,3,2,3
82,"PRIVATE",1964,239,15,2,1,3
84,"TCHC",1966,92,7,2,2,3
93,"TCHC",1966,92,7,2,3,3
97,"PRIVATE",2012,240,10,3,3,3
97,"PRIVATE",2012,240,10,3,3,3
98,"SOCIAL HOUSING",1953,22,4,3,3,3
99,"SOCIAL HOUSING",1953,22,4,3,2,3
88,"PRIVATE",1964,88,6,3,2,3
94,"PRIVATE",1964,88,6,3,2,3
92,"PRIVATE",1965,55,7,3,1,3
94,"PRIVATE",1930,34,7,3,3,3
78,"PRIVATE",1937,97,6,1,2,3
84,"PRIVATE",1937,97,6,3,2,3
92,"PRIVATE",1926,25,4,3,2,3
90,"PRIVATE",1926,25,4,2,3,3
79,"PRIVATE",1938,54,9,3,2,3
80,"PRIVATE",1938,54,9,2,2,3
92,"PRIVATE",1970,45,4,3,2,3
90,"PRIVATE",1970,45,4,3,2,3
86,"PRIVATE",1959,49,4,2,2,3
88,"PRIVATE",1959,49,4,3,2,3
94,"PRIVATE",1960,49,5,3,1,3
79,"PRIVATE",1920,10,3,3,2,3
89,"PRIVATE",1920,15,4,3,3,3
87,"PRIVATE",1920,15,4,3,2,3
100,"PRIVATE",1969,168,24,3,3,3
100,"PRIVATE",1969,168,24,3,3,3
69,"SOCIAL HOUSING",1930,19,4,2,2,3
81,"SOCIAL HOUSING",1930,19,4,1,2,3
97,"PRIVATE",1900,15,3,3,3,3
82,"PRIVATE",1920,16,3,3,2,3
91,"PRIVATE",1920,16,3,3,2,3
93,"PRIVATE",1952,26,4,3,2,3
87,"PRIVATE",1952,26,4,3,3,3
92,"PRIVATE",1952,26,4,3,3,3
95,"PRIVATE",1952,26,4,3,2,3
89,"PRIVATE",1952,26,4,3,3,3
95,"PRIVATE",1952,26,4,3,2,3
88,"PRIVATE",1952,26,4,3,3,3
87,"PRIVATE",1952,26,4,3,2,3
95,"PRIVATE",1952,26,4,3,2,3
91,"PRIVATE",1952,14,4,3,2,3
81,"PRIVATE",1960,15,4,3,2,3
90,"PRIVATE",1960,15,4,3,3,3
96,"PRIVATE",1953,111,8,3,3,3
87,"PRIVATE",1955,16,4,3,2,3
97,"PRIVATE",1955,17,4,3,2,3
97,"PRIVATE",1955,17,4,3,2,3
87,"PRIVATE",1955,27,4,3,2,3
89,"PRIVATE",1960,30,4,3,3,3
89,"TCHC",1980,148,9,3,3,3
97,"TCHC",1980,148,9,3,2,3
79,"PRIVATE",1960,11,3,2,1,2
92,"PRIVATE",1960,11,3,3,2,3
84,"PRIVATE",1958,18,3,2,3,3
97,"PRIVATE",1958,18,3,3,3,3
95,"PRIVATE",1959,35,5,2,3,3
98,"PRIVATE",1966,52,8,3,3,3
93,"PRIVATE",1960,76,6,3,2,3
97,"PRIVATE",1974,225,19,3,3,3
99,"PRIVATE",1974,225,19,3,2,3
100,"PRIVATE",2024,237,11,3,3,3
99,"PRIVATE",2022,230,15,3,3,3
100,"PRIVATE",2022,232,16,3,3,3
100,"PRIVATE",2022,310,26,3,3,3
81,"PRIVATE",1950,14,3,2,2,3
95,"PRIVATE",1950,14,3,3,3,3
84,"PRIVATE",1950,13,4,2,2,3
89,"PRIVATE",1960,17,3,3,1,3
82,"PRIVATE",1960,22,3,3,1,3
89,"PRIVATE",1960,22,3,2,2,3
85,"PRIVATE",1950,11,3,3,2,3
81,"PRIVATE",1947,15,3,2,2,3
67,"PRIVATE",1939,10,3,1,1,3
97,"PRIVATE",1939,10,3,3,2,3
96,"SOCIAL HOUSING",1982,150,10,3,3,3
97,"SOCIAL HOUSING",1982,150,10,3,3,2
91,"PRIVATE",1964,90,6,3,2,3
92,"PRIVATE",1964,83,6,3,2,3
94,"PRIVATE",1960,54,6,3,2,3
89,"PRIVATE",1970,60,6,3,2,3
100,"PRIVATE",2020,171,8,3,3,3
96,"PRIVATE",2019,235,27,3,3,3
100,"PRIVATE",2019,235,27,3,3,3
82,"PRIVATE",1952,109,3,3,2,3
92,"PRIVATE",1952,109,3,3,3,3
96,"PRIVATE",1953,50,4,3,3,3
92,"PRIVATE",1964,50,3,3,3,3
88,"PRIVATE",1965,96,7,3,2,3
77,"SOCIAL HOUSING",1972,96,7,1,3,2
81,"SOCIAL HOUSING",1972,96,7,1,3,3
79,"TCHC",1968,352,17,2,2,2
91,"TCHC",1968,352,17,1,1,3
82,"PRIVATE",1960,11,3,1,2,3
78,"PRIVATE",1960,10,3,2,1,2
91,"PRIVATE",1960,11,3,3,2,3
77,"PRIVATE",1951,12,3,3,2,3
76,"SOCIAL HOUSING",1990,15,3,1,1,3
82,"PRIVATE",1896,16,4,3,2,3
88,"PRIVATE",1930,15,3,3,2,3
91,"PRIVATE",1930,15,3,3,1,3
89,"PRIVATE",1920,11,4,3,2,3
93,"PRIVATE",1920,11,4,3,2,3
74,"PRIVATE",1885,19,3,3,2,3
89,"PRIVATE",1885,19,3,3,3,3
85,"PRIVATE",1973,102,11,3,1,3
88,"PRIVATE",1973,102,11,3,2,3
82,"PRIVATE",1889,20,4,2,2,3
83,"TCHC",1964,54,3,2,2,3
85,"TCHC",1964,54,3,2,1,3
77,"PRIVATE",1930,26,3,2,2,3
87,"PRIVATE",1930,26,3,3,2,3
84,"PRIVATE",1958,26,3,3,2,3
93,"PRIVATE",1958,26,3,3,2,3
89,"PRIVATE",1989,14,3,2,3,3
88,"PRIVATE",1956,12,3,3,3,3
88,"SOCIAL HOUSING",1982,130,7,3,2,3
93,"SOCIAL HOUSING",1986,97,8,2,2,3
94,"SOCIAL HOUSING",1986,97,8,3,2,3
94,"PRIVATE",1921,16,3,3,2,3
57,"PRIVATE",1929,19,3,1,1,3
71,"PRIVATE",1929,19,3,2,1,3
85,"PRIVATE",1929,18,3,3,2,3
83,"PRIVATE",1929,18,3,3,1,3
76,"PRIVATE",1957,16,3,2,1,3
85,"PRIVATE",1930,23,4,2,2,3
88,"PRIVATE",1930,23,4,3,2,3
89,"PRIVATE",1930,24,4,3,2,3
90,"PRIVATE",1930,24,4,3,3,3
75,"PRIVATE",1930,24,4,1,1,3
76,"PRIVATE",1929,23,4,3,3,3
68,"PRIVATE",1940,11,4,1,1,3
51,"PRIVATE",1951,11,3,1,1,3
81,"PRIVATE",1974,275,18,2,2,3
80,"PRIVATE",1968,278,17,2,2,3
91,"PRIVATE",1968,278,17,3,2,3
65,"PRIVATE",1967,325,9,2,2,2
66,"PRIVATE",1967,325,9,2,1,3
85,"PRIVATE",1967,297,17,2,2,3
93,"PRIVATE",1967,297,17,3,2,3
98,"PRIVATE",1964,56,4,3,3,3
91,"TCHC",1983,64,5,3,2,3
94,"TCHC",1983,64,5,2,2,3
89,"PRIVATE",1958,26,3,2,2,3
90,"PRIVATE",1958,26,3,3,1,3
93,"PRIVATE",1958,26,3,3,3,3
89,"PRIVATE",1958,26,3,3,1,3
80,"PRIVATE",1969,36,4,3,1,3
80,"SOCIAL HOUSING",1897,21,3,3,1,3
83,"PRIVATE",1979,26,3,2,1,3
26,"PRIVATE",1932,35,5,0,2,0
75,"PRIVATE",1985,30,3,2,2,3
80,"PRIVATE",1985,30,3,2,1,3
82,"PRIVATE",1992,138,4,1,1,3
95,"PRIVATE",1992,138,4,3,3,3
91,"SOCIAL HOUSING",2003,20,3,3,3,3
98,"SOCIAL HOUSING",2003,20,3,3,2,3
76,"PRIVATE",1973,352,21,1,1,3
71,"TCHC",1993,20,3,1,1,1
92,"PRIVATE",1957,157,17,2,3,3
92,"PRIVATE",1957,157,17,3,2,3
93,"PRIVATE",1957,173,17,3,2,3
89,"PRIVATE",1957,235,18,2,2,2
92,"PRIVATE",1957,235,18,3,2,3
95,"PRIVATE",1957,235,17,3,2,3
89,"PRIVATE",1953,65,5,3,2,2
76,"PRIVATE",1965,129,10,1,2,2
83,"PRIVATE",1965,129,10,2,2,3
89,"SOCIAL HOUSING",1993,68,5,3,2,3
84,"PRIVATE",1930,24,3,3,2,3
84,"PRIVATE",1930,24,3,3,1,3
65,"PRIVATE",1976,264,16,1,2,1
92,"PRIVATE",1972,265,16,3,3,3
96,"PRIVATE",1972,265,16,2,1,3
86,"TCHC",1971,198,13,3,1,3
89,"TCHC",1971,198,13,1,1,2
88,"TCHC",1971,145,15,2,3,3
93,"PRIVATE",1957,36,4,3,2,3
95,"PRIVATE",1961,107,5,2,2,3
95,"PRIVATE",1961,107,5,2,3,3
81,"PRIVATE",1961,107,5,2,2,3
96,"PRIVATE",1961,107,5,2,2,3
89,"PRIVATE",1965,110,9,2,2,3
91,"TCHC",1972,99,10,2,2,3
92,"TCHC",1972,99,10,3,1,3
92,"PRIVATE",1972,165,14,3,2,3
96,"PRIVATE",1972,165,14,3,2,3
73,"PRIVATE",1960,107,6,1,2,2
95,"PRIVATE",1973,165,13,3,3,3
90,"PRIVATE",1957,42,4,3,2,3
74,"PRIVATE",1965,12,3,2,3,3
82,"PRIVATE",1960,25,3,3,1,3
87,"TCHC",1993,155,8,3,1,3
89,"PRIVATE",1956,28,4,3,2,3
79,"PRIVATE",1955,23,3,3,1,3
93,"TCHC",1983,185,10,3,2,3
97,"PRIVATE",1972,329,21,3,3,2
98,"PRIVATE",1972,329,21,3,3,3
91,"PRIVATE",1972,280,18,3,3,3
98,"PRIVATE",1972,267,17,3,3,3
97,"PRIVATE",1972,267,17,3,2,3
92,"PRIVATE",1955,30,4,3,3,3
92,"PRIVATE",1955,30,4,3,2,3
95,"PRIVATE",1955,26,4,3,2,3
94,"SOCIAL HOUSING",1993,72,4,3,2,3
96,"TCHC",1975,293,13,3,3,3
97,"TCHC",1975,293,13,3,2,2
91,"PRIVATE",1974,252,18,3,3,3
85,"TCHC",1970,34,3,2,3,3
100,"PRIVATE",2018,78,7,3,3,3
92,"PRIVATE",1959,12,3,3,3,3
94,"PRIVATE",1959,12,3,3,3,3
94,"PRIVATE",1963,11,3,3,2,3
60,"PRIVATE",1969,29,4,3,1,3
58,"PRIVATE",1927,11,3,2,1,3
87,"PRIVATE",1927,11,3,3,2,3
54,"PRIVATE",1925,11,3,2,1,3
92,"PRIVATE",1925,11,3,3,3,3
84,"PRIVATE",1974,246,18,3,2,3
92,"PRIVATE",1969,163,32,3,2,3
94,"PRIVATE",1969,163,32,2,2,3
92,"PRIVATE",1969,163,32,3,1,3
87,"PRIVATE",1959,59,10,3,2,3
88,"PRIVATE",1959,59,10,2,2,3
85,"PRIVATE",1964,56,4,2,2,3
94,"PRIVATE",1964,56,4,3,3,1
95,"PRIVATE",1964,56,4,3,3,3
93,"PRIVATE",1964,56,4,3,3,2
77,"PRIVATE",1962,331,10,2,2,3
81,"PRIVATE",1960,130,12,3,2,3
80,"PRIVATE",1968,48,7,3,1,3
88,"PRIVATE",1968,48,7,3,1,3
87,"PRIVATE",1952,48,7,3,1,3
83,"PRIVATE",1962,48,7,3,3,3
93,"PRIVATE",1960,62,7,3,1,3
94,"PRIVATE",1960,62,7,3,3,3
90,"PRIVATE",1956,52,9,3,3,3
80,"PRIVATE",1964,58,8,3,1,3
77,"PRIVATE",1967,105,10,1,1,3
80,"PRIVATE",1967,105,10,1,2,3
63,"PRIVATE",1968,105,11,1,1,0
85,"PRIVATE",1968,105,11,3,1,3
92,"PRIVATE",1957,68,8,3,2,3
79,"PRIVATE",1955,91,9,2,1,3
87,"PRIVATE",1969,64,11,3,3,3
90,"PRIVATE",1969,64,11,2,3,3
86,"PRIVATE",1958,63,10,2,2,3
91,"PRIVATE",1958,63,10,3,1,3
86,"PRIVATE",1965,88,9,3,3,3
76,"PRIVATE",1971,74,10,2,1,3
85,"PRIVATE",1971,74,10,1,3,3
86,"PRIVATE",1967,85,16,3,1,3
87,"PRIVATE",1954,31,4,3,1,3
73,"PRIVATE",1960,12,3,3,2,3
87,"PRIVATE",1960,12,3,2,3,3
87,"PRIVATE",1960,12,3,3,2,3
92,"PRIVATE",1960,12,3,3,3,3
90,"PRIVATE",1960,11,3,3,3,3
98,"PRIVATE",1958,64,6,3,2,3
89,"PRIVATE",1962,69,7,3,2,2
94,"PRIVATE",1962,69,7,3,2,3
91,"PRIVATE",1954,77,4,3,2,3
91,"PRIVATE",1958,65,4,3,1,3
78,"PRIVATE",1961,251,14,2,2,2
88,"PRIVATE",1961,251,14,3,2,3
89,"PRIVATE",1960,43,6,3,3,3
94,"PRIVATE",1960,43,6,3,2,3
43,"PRIVATE",1964,103,7,0,3,0
85,"PRIVATE",1964,103,7,3,2,3
89,"PRIVATE",1961,39,5,3,3,3
94,"PRIVATE",1961,39,5,3,2,3
93,"PRIVATE",1962,36,5,3,3,3
97,"PRIVATE",1962,36,5,3,3,3
98,"SOCIAL HOUSING",1978,90,8,3,3,3
84,"SOCIAL HOUSING",1994,158,11,3,2,3
91,"SOCIAL HOUSING",1993,243,11,3,3,3
92,"SOCIAL HOUSING",1993,243,11,3,3,3
77,"PRIVATE",1968,142,12,2,3,3
90,"PRIVATE",1968,142,12,3,2,3
72,"PRIVATE",1962,64,7,3,2,3
96,"TCHC",1983,185,10,3,2,3
96,"PRIVATE",1968,145,19,3,1,3
99,"PRIVATE",2010,155,13,3,2,3
72,"PRIVATE",1913,12,3,2,2,2
82,"PRIVATE",1913,12,3,1,2,3
85,"PRIVATE",1965,221,16,2,2,3
92,"PRIVATE",1965,221,16,3,3,3
77,"PRIVATE",1960,11,3,2,2,3
94,"PRIVATE",1960,11,3,3,3,3
90,"PRIVATE",1978,390,19,3,2,3
98,"PRIVATE",1978,390,19,3,2,3
82,"TCHC",1961,86,6,2,2,2
87,"TCHC",1983,97,11,2,2,3
100,"PRIVATE",2024,302,31,3,3,3
83,"SOCIAL HOUSING",1918,20,4,2,1,3
73,"PRIVATE",1989,40,3,3,1,3
82,"TCHC",1985,145,15,2,1,3
90,"TCHC",1985,145,15,2,2,3
75,"SOCIAL HOUSING",1991,42,10,3,1,3
87,"PRIVATE",1957,21,4,3,3,3
80,"PRIVATE",1965,23,4,3,2,3
91,"PRIVATE",1951,28,3,3,3,3
86,"TCHC",1980,152,12,2,3,3
92,"TCHC",1980,152,12,2,3,3
98,"TCHC",1991,126,5,3,3,3
97,"TCHC",1993,124,13,3,3,3
97,"TCHC",1993,124,13,3,3,3
94,"PRIVATE",1950,10,3,3,3,3
92,"PRIVATE",2005,232,10,2,2,3
85,"SOCIAL HOUSING",1991,46,4,2,3,1
83,"PRIVATE",1968,193,23,3,1,3
86,"PRIVATE",1968,149,19,3,3,3
94,"PRIVATE",2019,115,8,3,3,3
100,"PRIVATE",2019,115,8,3,3,3
81,"SOCIAL HOUSING",1994,82,10,3,3,3
69,"PRIVATE",1910,15,4,2,1,3
92,"PRIVATE",2020,264,25,3,3,3
85,"PRIVATE",1969,330,21,2,3,3
88,"SOCIAL HOUSING",1900,76,7,3,2,3
95,"SOCIAL HOUSING",1900,76,7,3,3,3
93,"TCHC",1984,44,6,3,2,3
99,"TCHC",1984,44,6,3,2,3
85,"SOCIAL HOUSING",1988,36,3,1,1,3
91,"SOCIAL HOUSING",1993,177,5,3,3,3
94,"SOCIAL HOUSING",1993,177,5,3,3,3
93,"TCHC",1995,40,5,3,2,3
90,"SOCIAL HOUSING",1988,34,4,3,3,3
67,"SOCIAL HOUSING",1990,25,4,3,3,3
97,"SOCIAL HOUSING",1990,25,4,3,2,3
84,"PRIVATE",1948,31,3,3,2,3
77,"PRIVATE",1930,21,3,2,1,3
77,"PRIVATE",1930,23,3,3,3,3
76,"PRIVATE",1925,30,4,2,1,3
86,"PRIVATE",1925,30,4,2,1,3
87,"PRIVATE",1923,16,4,3,1,3
90,"PRIVATE",1923,16,4,2,1,3
95,"PRIVATE",1986,107,18,3,3,3
83,"PRIVATE",1967,28,4,3,2,3
90,"PRIVATE",1967,28,4,3,3,3
87,"PRIVATE",1952,11,3,3,3,3
83,"PRIVATE",1960,16,4,2,3,3
84,"PRIVATE",1927,42,4,3,2,3
87,"PRIVATE",1975,36,3,1,2,3
91,"PRIVATE",1975,36,3,3,3,3
91,"PRIVATE",1955,29,4,3,2,3
96,"PRIVATE",1955,29,4,3,3,3
96,"PRIVATE",1955,22,4,3,3,3
96,"PRIVATE",1955,22,4,3,3,3
82,"PRIVATE",1940,11,3,2,1,3
85,"PRIVATE",1968,226,20,3,2,3
92,"PRIVATE",1968,226,20,3,2,3
80,"PRIVATE",1969,267,16,3,1,3
92,"PRIVATE",1957,18,4,3,2,3
97,"PRIVATE",1957,18,4,3,3,3
99,"PRIVATE",1959,18,4,3,3,3
91,"PRIVATE",1960,52,7,3,2,3
86,"PRIVATE",1960,48,8,3,3,3
90,"PRIVATE",1937,32,5,3,3,3
92,"PRIVATE",1954,32,5,3,2,3
93,"PRIVATE",1954,32,5,2,2,3
97,"PRIVATE",1958,23,3,3,2,3
81,"PRIVATE",1958,16,3,3,1,3
81,"TCHC",1985,20,3,2,2,3
96,"TCHC",2015,83,9,3,2,3
93,"PRIVATE",1968,33,6,3,3,3
96,"PRIVATE",1968,33,6,3,3,3
92,"PRIVATE",1960,26,5,3,2,3
88,"PRIVATE",1957,111,7,1,1,3
92,"PRIVATE",1957,111,7,3,3,3
86,"PRIVATE",1957,96,7,2,1,3
91,"PRIVATE",1957,96,7,3,3,3
91,"TCHC",1960,200,6,3,2,3
95,"SOCIAL HOUSING",1989,170,11,3,3,3
79,"PRIVATE",1964,110,7,1,1,3
83,"PRIVATE",1964,110,7,3,2,3
94,"PRIVATE",1960,123,13,3,2,3
96,"PRIVATE",1960,123,13,3,3,3
79,"PRIVATE",1960,48,6,2,2,2
87,"SOCIAL HOUSING",1992,48,6,3,2,3
92,"PRIVATE",1972,105,11,3,3,3
90,"PRIVATE",1972,105,11,3,2,3
89,"PRIVATE",1964,90,7,3,2,3
90,"PRIVATE",1970,88,7,3,3,3
92,"PRIVATE",1970,88,7,2,3,3
75,"TCHC",1969,213,13,1,2,3
84,"TCHC",1969,213,13,3,1,3
81,"PRIVATE",1975,114,10,2,2,3
83,"PRIVATE",1975,114,10,2,1,3
79,"TCHC",1970,31,3,3,1,3
82,"TCHC",1970,31,3,1,1,3
80,"TCHC",1970,33,3,2,2,3
92,"PRIVATE",1950,10,3,3,2,3
92,"PRIVATE",1950,10,3,3,3,3
93,"PRIVATE",1950,10,3,3,3,3
93,"PRIVATE",1990,10,3,3,3,3
66,"PRIVATE",1960,12,3,2,2,3
89,"PRIVATE",1960,12,3,2,3,3
83,"PRIVATE",1960,12,3,3,2,3
86,"PRIVATE",1960,12,3,2,2,3
99,"PRIVATE",1955,11,3,3,3,3
85,"PRIVATE",1959,34,3,3,2,3
92,"PRIVATE",1959,34,3,3,2,3
95,"PRIVATE",1956,12,3,3,2,3
79,"PRIVATE",1958,11,3,3,1,3
81,"PRIVATE",1969,11,3,1,2,3
86,"PRIVATE",1969,11,3,3,3,3
98,"PRIVATE",1975,11,3,3,3,3
85,"PRIVATE",1956,12,3,2,3,3
65,"PRIVATE",1956,11,3,1,2,3
84,"PRIVATE",1956,11,3,3,2,3
63,"PRIVATE",1957,11,3,1,1,3
79,"PRIVATE",1957,11,3,3,1,3
79,"PRIVATE",1957,12,3,2,1,3
91,"PRIVATE",1957,12,3,3,2,3
79,"PRIVATE",1960,10,3,2,2,3
91,"PRIVATE",1960,10,3,3,2,3
85,"PRIVATE",1974,171,15,3,1,3
84,"TCHC",1974,48,4,3,1,3
71,"PRIVATE",1965,21,3,2,2,3
94,"PRIVATE",1965,21,3,3,2,3
81,"PRIVATE",1905,16,3,2,2,3
91,"PRIVATE",1905,16,3,3,2,3
78,"PRIVATE",1975,18,3,2,2,3
87,"PRIVATE",1928,18,3,3,3,3
87,"PRIVATE",1927,17,3,2,2,3
70,"PRIVATE",1920,27,3,2,1,3
87,"SOCIAL HOUSING",1940,20,4,2,2,3
89,"PRIVATE",1925,24,3,3,2,3
92,"PRIVATE",1925,24,3,3,2,3
72,"PRIVATE",1930,27,3,2,3,3
84,"PRIVATE",1930,27,3,3,2,3
70,"PRIVATE",1920,24,3,2,2,3
83,"PRIVATE",1920,24,3,3,2,3
89,"PRIVATE",1920,32,4,3,2,3
91,"PRIVATE",1920,32,4,2,2,3
80,"PRIVATE",1920,21,3,2,2,3
85,"PRIVATE",1920,21,3,3,2,3
94,"PRIVATE",1932,21,4,3,3,3
97,"PRIVATE",1932,21,4,2,2,3
94,"PRIVATE",1937,20,4,3,2,3
78,"PRIVATE",1920,23,3,2,2,3
93,"PRIVATE",1937,13,4,3,2,3
95,"PRIVATE",1937,13,4,3,2,3
77,"PRIVATE",1957,17,3,3,2,3
82,"PRIVATE",1957,17,3,3,2,3
92,"TCHC",2013,155,10,3,3,3
91,"TCHC",2009,61,8,3,2,2
91,"TCHC",2009,159,22,3,2,3
97,"TCHC",2009,159,22,3,3,3
68,"TCHC",1948,48,3,1,1,3
94,"PRIVATE",1956,11,3,3,2,3
95,"PRIVATE",1956,11,3,3,2,3
71,"PRIVATE",1955,34,4,1,3,3
90,"PRIVATE",1950,26,3,3,2,3
94,"PRIVATE",1950,26,3,3,2,3
99,"PRIVATE",2023,233,21,3,3,3
92,"PRIVATE",1977,428,34,1,2,1
88,"PRIVATE",1965,86,5,3,2,3
88,"PRIVATE",1966,24,3,3,1,3
94,"TCHC",1990,90,5,3,2,3
90,"PRIVATE",1979,238,20,2,3,3
93,"PRIVATE",1979,238,20,2,2,3
89,"PRIVATE",1979,238,20,2,2,3
93,"PRIVATE",1979,238,20,2,2,3
85,"PRIVATE",1953,26,4,3,2,3
91,"PRIVATE",1953,26,4,3,3,3
96,"PRIVATE",1954,26,4,3,3,3
87,"PRIVATE",1954,28,3,3,2,3
94,"PRIVATE",1952,10,3,3,3,3
89,"PRIVATE",1960,28,3,3,3,3
96,"PRIVATE",1960,28,3,3,3,3
98,"PRIVATE",1960,36,3,3,3,3
87,"PRIVATE",1960,36,3,2,2,3
74,"TCHC",1970,15,3,1,1,3
87,"TCHC",1970,15,3,2,3,3
73,"TCHC",1970,20,3,1,3,2
83,"TCHC",1970,20,3,2,2,3
91,"TCHC",1970,238,19,2,3,3
74,"PRIVATE",1967,164,15,1,1,2
87,"PRIVATE",1970,102,10,3,3,3
92,"PRIVATE",1967,141,12,3,1,3
96,"PRIVATE",1967,141,12,3,2,3
91,"PRIVATE",1967,220,14,3,2,3
86,"PRIVATE",1970,38,4,2,2,2
78,"TCHC",1972,185,11,2,2,3
90,"TCHC",1972,185,11,3,3,3
80,"TCHC",1972,185,11,2,3,3
88,"TCHC",1972,185,11,2,3,3
85,"TCHC",1974,375,13,1,2,2
85,"TCHC",1974,375,13,2,2,3
76,"TCHC",1974,345,14,1,1,3
84,"TCHC",1974,345,14,2,2,3
73,"PRIVATE",1940,15,3,3,2,3
77,"PRIVATE",1940,15,3,1,2,3
99,"SOCIAL HOUSING",1992,133,8,3,3,3
71,"PRIVATE",1954,29,3,3,3,3
85,"PRIVATE",1954,29,3,2,3,3
97,"SOCIAL HOUSING",2003,24,3,3,3,3
98,"SOCIAL HOUSING",2003,24,3,3,3,3
77,"PRIVATE",1959,10,3,3,1,3
87,"TCHC",1974,48,4,3,2,3
74,"TCHC",1974,48,4,1,1,3
88,"TCHC",1974,48,4,3,2,3
98,"SOCIAL HOUSING",2021,78,8,2,3,3
64,"PRIVATE",1964,12,4,2,2,3
88,"PRIVATE",1964,12,4,3,3,3
83,"TCHC",1984,21,4,2,2,2
90,"PRIVATE",1957,27,4,3,3,3
96,"PRIVATE",1957,27,4,3,3,3
92,"PRIVATE",1956,51,4,3,2,3
95,"PRIVATE",1956,51,4,3,3,3
95,"PRIVATE",1947,25,4,3,2,3
97,"PRIVATE",1947,25,4,3,2,3
65,"PRIVATE",1955,27,4,3,1,3
73,"PRIVATE",1958,26,4,3,2,3
91,"PRIVATE",1958,26,4,3,2,3
98,"PRIVATE",2019,501,19,3,3,3
99,"PRIVATE",2019,501,19,3,2,3
97,"PRIVATE",2021,346,29,3,3,3
100,"PRIVATE",2021,346,29,3,3,3
82,"PRIVATE",1969,167,13,1,2,3
80,"PRIVATE",1974,169,13,2,2,3
91,"PRIVATE",1974,169,13,3,2,3
83,"PRIVATE",1935,18,3,3,2,3
91,"PRIVATE",1935,18,3,3,2,3
91,"PRIVATE",1964,65,4,3,3,3
97,"PRIVATE",1964,65,4,3,2,3
94,"PRIVATE",1961,71,5,3,2,3
84,"PRIVATE",1950,24,4,2,3,3
97,"PRIVATE",1970,24,6,3,2,3
98,"PRIVATE",1970,24,6,3,2,3
65,"PRIVATE",1920,29,4,3,3,3
84,"PRIVATE",1920,29,4,3,2,3
74,"PRIVATE",1920,29,4,3,2,3
87,"PRIVATE",1920,29,4,3,2,3
75,"PRIVATE",1920,16,4,2,2,3
87,"PRIVATE",1920,16,4,3,2,3
84,"PRIVATE",1970,11,3,2,2,3
94,"SOCIAL HOUSING",1954,30,4,3,3,3
95,"SOCIAL HOUSING",1954,30,4,3,3,3
86,"PRIVATE",1932,16,4,1,2,3
95,"PRIVATE",1932,16,4,3,2,3
93,"PRIVATE",1932,16,4,3,2,3
91,"PRIVATE",1954,16,4,3,2,3
93,"PRIVATE",1954,16,4,2,3,3
92,"PRIVATE",1954,15,4,3,2,3
95,"PRIVATE",1954,15,4,3,2,3
92,"PRIVATE",1954,15,4,3,2,3
93,"PRIVATE",1954,15,4,3,2,3
94,"PRIVATE",1954,15,4,3,3,3
94,"PRIVATE",1954,15,4,3,3,3
93,"PRIVATE",1954,15,4,2,2,3
81,"SOCIAL HOUSING",1996,22,3,3,1,3
45,"PRIVATE",1915,25,3,1,1,3
78,"SOCIAL HOUSING",1910,23,4,2,2,3
93,"PRIVATE",1960,36,3,3,3,3
84,"TCHC",1982,251,9,2,2,3
91,"TCHC",1982,251,9,3,3,3
96,"SOCIAL HOUSING",1991,112,5,2,3,3
97,"PRIVATE",1960,200,12,3,3,3
93,"PRIVATE",1968,224,16,3,2,3
98,"PRIVATE",1969,129,14,3,2,3
99,"PRIVATE",1969,129,14,3,3,3
95,"PRIVATE",1970,106,12,3,3,3
89,"TCHC",1994,128,11,1,3,2
87,"TCHC",1970,14,3,3,3,3
84,"TCHC",1971,14,4,3,2,3
94,"TCHC",1971,14,4,3,3,3
83,"SOCIAL HOUSING",1995,17,3,3,2,3
90,"SOCIAL HOUSING",1995,17,3,2,3,3
78,"TCHC",1961,25,6,2,1,3
81,"TCHC",1961,25,6,3,2,3
84,"PRIVATE",1955,23,4,2,3,3
85,"PRIVATE",1955,23,4,3,2,3
88,"PRIVATE",1971,303,22,2,2,3
97,"PRIVATE",1971,303,22,3,2,3
96,"PRIVATE",1959,99,5,3,2,3
100,"PRIVATE",1959,99,5,3,3,3
96,"PRIVATE",1959,100,4,3,3,3
93,"PRIVATE",1959,71,4,3,2,3
98,"PRIVATE",1959,71,5,3,3,3
100,"PRIVATE",1959,71,5,3,3,3
100,"PRIVATE",2018,503,51,3,3,3
80,"PRIVATE",1959,10,3,3,1,3
57,"PRIVATE",1959,10,3,1,1,3
90,"PRIVATE",1958,10,3,3,3,3
90,"PRIVATE",1961,10,3,3,1,3
88,"PRIVATE",1967,20,3,3,2,3
73,"PRIVATE",1965,15,3,3,2,3
92,"PRIVATE",1965,15,3,3,2,3
96,"PRIVATE",1958,15,3,3,2,3
89,"PRIVATE",1958,10,3,3,2,3
78,"PRIVATE",1967,207,13,1,3,2
80,"PRIVATE",1967,207,13,1,2,3
80,"PRIVATE",1967,214,13,1,3,3
75,"PRIVATE",1967,214,13,2,2,3
93,"PRIVATE",1969,161,20,2,2,3
93,"PRIVATE",1969,161,20,2,3,3
87,"PRIVATE",1963,76,6,3,3,3
83,"PRIVATE",1963,95,7,2,2,3
85,"PRIVATE",1963,95,7,3,2,3
82,"PRIVATE",1962,76,6,3,2,3
81,"PRIVATE",1962,76,6,3,2,3
75,"PRIVATE",1960,87,6,3,1,3
86,"PRIVATE",1970,350,15,3,2,3
89,"PRIVATE",1970,350,15,3,2,3
82,"PRIVATE",1962,24,4,3,1,3
86,"PRIVATE",1962,24,4,3,2,3
80,"TCHC",1955,13,3,3,2,3
91,"TCHC",1955,13,3,1,2,3
95,"PRIVATE",1961,71,5,3,3,3
82,"PRIVATE",1910,10,3,3,2,3
95,"PRIVATE",1910,10,3,3,2,3
68,"PRIVATE",1930,46,4,3,1,3
91,"PRIVATE",1968,68,9,3,2,3
90,"PRIVATE",1968,68,9,3,2,3
81,"PRIVATE",1968,86,11,3,2,3
80,"PRIVATE",1968,86,11,2,2,3
98,"TCHC",2003,54,7,3,3,3
89,"PRIVATE",1960,54,6,3,2,3
88,"SOCIAL HOUSING",1940,12,3,3,3,3
88,"SOCIAL HOUSING",1940,12,3,3,2,3
90,"SOCIAL HOUSING",1979,109,3,3,2,3
66,"PRIVATE",1960,56,6,2,2,3
66,"PRIVATE",1960,18,3,1,2,3
93,"PRIVATE",1950,12,3,3,2,3
95,"PRIVATE",1950,12,3,3,3,3
83,"PRIVATE",1951,12,3,2,2,3
93,"PRIVATE",1951,12,3,3,3,3
79,"PRIVATE",1965,18,3,2,2,3
92,"PRIVATE",1951,12,3,3,3,3
96,"PRIVATE",1951,12,3,3,3,3
83,"PRIVATE",1954,18,3,3,3,3
93,"PRIVATE",1954,18,3,3,2,3
85,"PRIVATE",1951,12,3,1,2,3
85,"PRIVATE",1950,83,4,2,2,3
93,"PRIVATE",1958,12,3,3,2,3
91,"SOCIAL HOUSING",1910,23,4,3,3,3
83,"PRIVATE",1917,11,3,2,2,3
74,"PRIVATE",1912,38,3,1,1,3
77,"PRIVATE",1912,38,3,1,2,3
83,"PRIVATE",1900,41,3,3,2,3
77,"PRIVATE",1900,74,6,1,1,3
90,"PRIVATE",1900,74,6,3,1,3
86,"PRIVATE",1922,42,4,3,1,3
90,"PRIVATE",1950,11,3,3,3,3
84,"TCHC",1994,204,16,1,2,3
93,"TCHC",1994,204,16,3,2,3
99,"PRIVATE",1987,228,19,3,3,3
99,"PRIVATE",1987,289,21,3,3,3
80,"TCHC",1988,106,6,2,1,3
82,"TCHC",1990,73,7,1,2,3
76,"PRIVATE",1970,33,7,3,2,3
90,"PRIVATE",1930,16,4,3,2,3
87,"PRIVATE",1930,16,4,3,2,3
87,"PRIVATE",1930,12,3,3,2,3
90,"PRIVATE",1930,12,3,3,1,3
86,"PRIVATE",1967,101,9,3,2,3
85,"PRIVATE",1960,61,7,3,2,3
92,"PRIVATE",1960,61,7,3,2,3
69,"PRIVATE",1928,32,4,1,1,3
80,"PRIVATE",1928,32,4,2,2,3
100,"PRIVATE",2018,503,51,3,3,3
94,"PRIVATE",1967,60,4,3,2,3
88,"PRIVATE",1970,79,10,2,1,3
83,"PRIVATE",1970,53,4,2,2,3
90,"PRIVATE",1970,53,4,3,2,3
86,"PRIVATE",1966,44,4,3,2,3
90,"PRIVATE",1970,370,22,3,2,3
95,"PRIVATE",1970,370,22,3,3,3
98,"SOCIAL HOUSING",2005,92,4,3,3,3
98,"SOCIAL HOUSING",2005,92,4,3,3,3
98,"PRIVATE",1965,138,11,3,3,3
84,"PRIVATE",1960,78,7,3,2,3
87,"PRIVATE",1960,78,7,3,2,3
80,"PRIVATE",1962,78,7,3,2,3
90,"PRIVATE",1962,78,7,3,2,3
98,"PRIVATE",1963,155,11,3,2,3
96,"PRIVATE",1960,52,4,3,3,3
94,"PRIVATE",1968,139,18,3,2,3
99,"PRIVATE",1968,139,18,3,2,3
90,"PRIVATE",1967,180,17,3,1,3
93,"PRIVATE",1967,180,17,3,2,3
76,"SOCIAL HOUSING",1989,200,9,1,2,3
88,"SOCIAL HOUSING",1966,32,3,2,3,3
85,"PRIVATE",1965,187,15,3,2,3
82,"PRIVATE",1950,25,4,3,1,3
98,"SOCIAL HOUSING",1982,76,7,3,2,3
93,"PRIVATE",1960,74,6,3,2,3
97,"PRIVATE",1960,74,6,3,2,3
84,"TCHC",1955,20,3,3,2,3
91,"TCHC",1955,20,3,1,3,3
76,"SOCIAL HOUSING",1994,100,8,3,2,3
87,"SOCIAL HOUSING",1994,100,8,3,3,3
79,"PRIVATE",1965,92,9,2,2,3
90,"PRIVATE",1959,30,3,3,2,3
89,"PRIVATE",1960,34,4,3,3,3
90,"PRIVATE",1960,34,4,3,2,3
96,"PRIVATE",1979,70,4,3,3,3
96,"PRIVATE",1979,70,4,3,3,3
99,"PRIVATE",1961,32,4,3,2,3
82,"PRIVATE",1960,121,16,2,2,3
84,"PRIVATE",1960,121,16,1,2,3
90,"PRIVATE",1960,121,16,2,2,3
77,"PRIVATE",1927,19,3,2,2,3
82,"PRIVATE",1927,19,3,2,2,3
70,"PRIVATE",1915,20,3,2,1,2
89,"PRIVATE",1915,20,3,3,1,3
73,"PRIVATE",1929,12,4,1,2,3
87,"PRIVATE",1929,12,4,3,3,3
85,"PRIVATE",1930,24,3,3,2,3
86,"PRIVATE",1930,24,3,3,2,3
95,"PRIVATE",1959,87,10,3,2,3
90,"PRIVATE",1965,60,7,3,2,3
92,"PRIVATE",1965,60,7,3,2,3
88,"PRIVATE",1934,46,5,3,2,3
91,"PRIVATE",1934,46,5,3,2,3
70,"PRIVATE",1953,12,3,2,2,3
84,"PRIVATE",1954,12,3,2,2,3
84,"PRIVATE",1980,12,3,3,3,3
86,"PRIVATE",1980,12,3,3,3,3
86,"PRIVATE",1959,12,3,2,2,3
92,"PRIVATE",1959,12,3,3,2,3
70,"PRIVATE",1951,11,3,2,2,3
81,"PRIVATE",1951,11,3,3,2,3
67,"PRIVATE",1951,12,3,2,2,3
92,"PRIVATE",1951,12,3,3,2,3
79,"PRIVATE",1951,13,3,2,2,3
89,"PRIVATE",1951,13,3,3,2,3
82,"PRIVATE",1951,12,3,2,3,3
88,"PRIVATE",1951,12,3,3,2,3
84,"PRIVATE",1951,12,3,2,2,3
93,"PRIVATE",1951,12,3,2,2,3
89,"PRIVATE",1953,11,3,3,3,3
88,"PRIVATE",1953,11,3,3,2,3
86,"PRIVATE",1953,11,3,2,2,3
87,"PRIVATE",1953,11,3,3,2,3
84,"PRIVATE",1953,11,3,3,3,3
83,"PRIVATE",1970,16,4,2,2,3
91,"PRIVATE",1970,32,4,3,2,3
97,"TCHC",1918,13,3,3,3,3
95,"TCHC",2010,84,10,3,3,3
80,"SOCIAL HOUSING",2012,87,4,1,3,3
96,"PRIVATE",1960,16,4,3,3,3
87,"PRIVATE",1967,230,13,3,2,3
86,"PRIVATE",1967,230,13,3,1,3
86,"PRIVATE",1965,34,6,2,3,3
93,"PRIVATE",1965,34,6,3,2,3
80,"PRIVATE",1967,175,23,2,2,2
86,"PRIVATE",1967,175,23,2,2,3
89,"PRIVATE",1963,175,9,3,2,3
65,"PRIVATE",1960,12,3,1,1,3
90,"PRIVATE",1967,11,3,3,2,3
83,"PRIVATE",1957,12,3,3,1,3
64,"PRIVATE",1957,12,3,3,2,3
81,"PRIVATE",1957,12,3,3,2,3
74,"PRIVATE",1957,12,3,2,2,3
82,"PRIVATE",1957,12,3,3,2,3
88,"TCHC",1994,95,6,3,2,3
92,"TCHC",1994,95,6,3,2,3
94,"TCHC",1992,176,9,3,2,3
94,"TCHC",1992,176,9,3,1,3
92,"TCHC",1992,121,7,3,2,3
93,"PRIVATE",1959,74,4,3,2,3
88,"PRIVATE",1950,32,4,2,1,2
94,"PRIVATE",1950,32,4,3,2,3
94,"PRIVATE",1955,30,4,3,2,3
96,"PRIVATE",1955,26,4,3,3,3
95,"PRIVATE",1955,26,4,3,3,3
85,"PRIVATE",1959,28,4,2,3,3
86,"PRIVATE",1959,28,4,3,3,3
87,"PRIVATE",1970,128,19,2,3,3
95,"PRIVATE",1970,128,19,3,3,3
91,"PRIVATE",1970,126,19,3,3,3
49,"PRIVATE",1970,128,18,0,3,0
85,"PRIVATE",1958,35,4,3,2,3
94,"PRIVATE",1958,35,4,3,3,3
86,"PRIVATE",1969,149,15,3,2,3
92,"PRIVATE",1969,149,15,3,2,3
96,"PRIVATE",2010,74,7,3,3,3
99,"PRIVATE",2010,74,7,3,3,3
97,"PRIVATE",2010,74,7,3,3,3
73,"PRIVATE",1970,219,17,2,2,2
83,"PRIVATE",1968,52,4,2,2,3
86,"PRIVATE",1968,52,4,3,3,3
70,"PRIVATE",1969,37,4,2,2,3
81,"PRIVATE",1969,37,4,1,1,3
94,"TCHC",1975,300,13,3,3,3
96,"TCHC",1975,300,13,3,2,3
77,"PRIVATE",1969,106,10,2,2,3
89,"PRIVATE",1960,154,14,3,2,3
94,"PRIVATE",1970,120,10,3,3,3
80,"PRIVATE",1965,83,12,3,2,3
88,"PRIVATE",1966,112,12,3,3,3
94,"PRIVATE",1966,112,12,3,3,3
94,"PRIVATE",1961,144,13,3,2,3
97,"PRIVATE",1961,144,13,3,3,3
65,"PRIVATE",1950,16,4,1,1,3
81,"PRIVATE",1950,16,4,2,2,3
89,"PRIVATE",1957,152,13,3,1,3
93,"PRIVATE",1962,122,12,2,2,3
94,"PRIVATE",1962,122,12,3,2,3
87,"PRIVATE",1955,42,4,3,3,3
97,"PRIVATE",1955,42,4,3,3,3
93,"PRIVATE",1960,48,9,2,1,3
80,"SOCIAL HOUSING",1967,52,4,3,1,3
86,"TCHC",1953,42,8,3,2,3
97,"TCHC",1953,42,8,3,2,3
86,"PRIVATE",1951,10,3,3,2,3
42,"PRIVATE",1962,13,3,0,3,0
88,"PRIVATE",1962,13,3,3,2,3
89,"PRIVATE",1955,12,3,2,3,3
77,"PRIVATE",1917,10,3,3,3,3
87,"PRIVATE",1966,224,16,3,2,3
84,"PRIVATE",1969,147,15,3,2,2
93,"PRIVATE",1965,231,11,3,2,3
96,"PRIVATE",1965,231,11,3,2,3
66,"SOCIAL HOUSING",1960,77,6,1,1,3
86,"SOCIAL HOUSING",1960,77,6,2,2,3
91,"SOCIAL HOUSING",1987,15,4,3,3,3
94,"SOCIAL HOUSING",1987,15,4,2,2,3
98,"PRIVATE",2019,296,25,3,3,3
92,"PRIVATE",2010,141,10,3,3,3
95,"PRIVATE",2010,141,10,3,3,3
94,"PRIVATE",1962,114,7,3,2,3
90,"SOCIAL HOUSING",2012,87,4,3,3,3
53,"PRIVATE",1969,260,17,1,1,3
64,"TCHC",1972,469,27,1,1,1
87,"TCHC",1972,469,27,2,2,3
81,"PRIVATE",1972,327,23,2,2,3
92,"PRIVATE",1945,11,3,3,2,3
98,"PRIVATE",1945,11,3,3,3,3
97,"PRIVATE",1945,11,3,3,3,3
98,"PRIVATE",1945,11,3,3,3,3
91,"PRIVATE",1945,11,3,3,2,3
98,"PRIVATE",1945,11,3,3,3,3
98,"PRIVATE",1945,11,3,3,3,3
99,"PRIVATE",1945,11,3,3,3,3
89,"PRIVATE",1965,216,17,2,1,3
95,"PRIVATE",1965,216,17,3,2,3
88,"PRIVATE",1965,221,15,3,3,3
83,"PRIVATE",1965,223,16,1,2,3
89,"PRIVATE",1965,223,16,3,2,3
91,"PRIVATE",1986,171,12,3,2,3
99,"PRIVATE",1986,171,12,3,2,3
82,"PRIVATE",1968,151,19,3,1,3
55,"PRIVATE",1929,24,4,1,1,3
92,"PRIVATE",1960,24,4,3,3,3
86,"PRIVATE",1959,29,8,2,1,3
90,"PRIVATE",1959,29,8,3,2,3
70,"PRIVATE",1960,47,5,3,1,3
85,"PRIVATE",1958,48,5,3,2,3
85,"PRIVATE",1958,48,5,3,2,3
94,"PRIVATE",1955,33,4,3,2,3
90,"PRIVATE",1952,80,7,2,2,3
90,"PRIVATE",1959,36,4,3,3,3
96,"PRIVATE",1959,36,4,3,2,3
88,"TCHC",1962,63,8,3,3,3
93,"PRIVATE",1968,178,16,3,2,3
93,"PRIVATE",1968,178,16,3,2,3
90,"PRIVATE",1965,186,16,3,2,3
89,"PRIVATE",1969,93,14,3,2,3
99,"PRIVATE",1955,31,4,3,2,3
81,"PRIVATE",1965,148,17,1,1,3
97,"PRIVATE",2022,349,39,3,3,3
100,"PRIVATE",2022,349,39,3,3,3
96,"PRIVATE",2008,72,8,3,2,3
96,"PRIVATE",2008,72,8,3,2,3
95,"PRIVATE",1955,104,8,3,1,3
99,"PRIVATE",1955,104,8,3,3,3
90,"SOCIAL HOUSING",1996,80,4,3,3,3
92,"SOCIAL HOUSING",1996,80,4,2,2,3
96,"TCHC",1957,31,3,3,2,3
76,"SOCIAL HOUSING",2019,30,4,2,1,3
84,"TCHC",1957,30,4,2,2,3
85,"TCHC",1957,30,4,2,3,3
98,"TCHC",1957,30,4,3,2,3
94,"PRIVATE",1969,100,6,3,3,3
98,"PRIVATE",1969,100,6,3,3,3
86,"PRIVATE",1965,106,6,3,2,3
97,"PRIVATE",1969,129,11,3,3,3
86,"PRIVATE",1960,40,4,2,2,3
91,"PRIVATE",1960,40,4,3,1,3
93,"PRIVATE",1960,40,4,3,2,3
91,"PRIVATE",1968,181,7,3,2,3
87,"TCHC",2008,27,4,2,2,3
89,"PRIVATE",1972,266,20,2,2,3
93,"PRIVATE",1967,204,15,2,2,3
94,"PRIVATE",1967,204,15,3,3,3
67,"TCHC",1973,301,16,1,1,1
92,"TCHC",1973,301,16,3,2,3
99,"PRIVATE",1975,371,17,3,3,3
69,"TCHC",1978,174,7,1,1,1
83,"TCHC",1978,174,7,2,2,3
78,"PRIVATE",1975,225,23,2,2,3
64,"SOCIAL HOUSING",1988,60,6,1,1,2
86,"SOCIAL HOUSING",1988,60,6,1,2,3
68,"TCHC",1975,200,7,1,1,1
92,"TCHC",1975,200,7,3,2,3
90,"PRIVATE",1955,23,4,3,2,3
97,"PRIVATE",1955,23,4,3,3,3
75,"TCHC",1975,102,4,1,1,2
86,"PRIVATE",1809,10,4,3,2,3
89,"PRIVATE",1838,12,3,3,2,3
91,"PRIVATE",1838,12,3,3,2,3
77,"PRIVATE",1974,121,13,1,2,3
87,"PRIVATE",1931,38,4,2,2,3
89,"PRIVATE",1931,38,4,3,3,3
90,"PRIVATE",1960,67,7,3,2,3
98,"PRIVATE",1962,114,7,3,2,3
88,"PRIVATE",2010,291,14,3,2,3
90,"PRIVATE",2005,116,9,3,2,3
85,"PRIVATE",1966,188,16,3,2,3
89,"PRIVATE",1966,188,16,2,3,3
96,"PRIVATE",1966,174,14,3,3,3
93,"PRIVATE",1979,200,13,3,3,3
97,"PRIVATE",1979,200,13,3,2,3
60,"PRIVATE",1960,24,3,3,2,3
90,"PRIVATE",1927,21,4,3,3,3
86,"SOCIAL HOUSING",1967,159,22,2,3,3
92,"PRIVATE",1973,183,24,3,2,3
95,"PRIVATE",1957,11,3,3,3,3
100,"PRIVATE",2022,177,20,3,3,3
88,"PRIVATE",1927,15,4,3,2,3
94,"PRIVATE",1927,15,4,3,2,3
88,"PRIVATE",1925,14,4,3,2,3
94,"PRIVATE",1925,14,4,3,2,3
91,"PRIVATE",1927,19,4,2,3,3
94,"PRIVATE",1927,19,4,2,3,3
92,"PRIVATE",1923,10,4,3,2,3
72,"PRIVATE",1923,32,4,2,1,3
75,"PRIVATE",1923,32,4,2,2,3
88,"PRIVATE",1920,12,5,3,2,3
100,"PRIVATE",1930,20,4,3,3,3
91,"PRIVATE",1957,36,6,3,1,3
90,"PRIVATE",1970,55,6,3,2,3
87,"PRIVATE",1963,49,4,3,2,2
86,"PRIVATE",1965,75,7,3,2,3
90,"PRIVATE",1950,28,3,2,2,3
83,"PRIVATE",1967,42,6,3,3,3
71,"TCHC",1957,30,4,1,1,3
77,"TCHC",1957,30,4,3,1,3
98,"PRIVATE",1966,148,24,3,3,3
100,"PRIVATE",1966,148,24,3,3,3
85,"PRIVATE",1955,26,4,3,2,3
96,"PRIVATE",1955,26,4,3,3,3
92,"SOCIAL HOUSING",2005,52,8,2,2,3
93,"SOCIAL HOUSING",2005,52,8,2,2,3
75,"PRIVATE",1880,13,3,3,1,3
81,"PRIVATE",1965,231,19,2,2,1
76,"PRIVATE",1967,279,14,3,2,3
77,"PRIVATE",1967,279,14,2,1,3
97,"PRIVATE",1976,327,17,3,2,3
99,"PRIVATE",2021,246,24,3,3,3
100,"PRIVATE",2021,246,24,3,3,3
98,"PRIVATE",2021,333,31,3,3,3
100,"PRIVATE",2021,333,31,3,3,3
67,"PRIVATE",1918,13,4,1,1,3
74,"PRIVATE",1918,13,3,2,1,3
76,"PRIVATE",1918,13,3,2,1,3
81,"PRIVATE",1938,33,4,3,1,3
89,"PRIVATE",1959,29,3,3,2,3
90,"PRIVATE",1960,34,5,3,1,3
78,"PRIVATE",1955,39,4,3,2,3
83,"PRIVATE",1955,39,4,2,2,3
99,"PRIVATE",1969,129,11,3,3,3
93,"PRIVATE",1969,129,11,3,3,3
80,"TCHC",1990,50,8,2,3,3
81,"PRIVATE",2003,103,10,2,1,3
89,"PRIVATE",1970,525,13,3,3,3
95,"PRIVATE",1970,525,13,3,2,3
82,"PRIVATE",1969,365,19,2,2,3
89,"PRIVATE",1973,141,15,1,1,3
95,"PRIVATE",1973,141,15,3,3,3
89,"PRIVATE",1972,234,20,2,1,3
99,"PRIVATE",1967,139,18,3,3,3
84,"PRIVATE",1965,214,28,2,3,3
91,"PRIVATE",1965,214,28,3,3,3
73,"PRIVATE",1967,231,18,3,3,2
97,"PRIVATE",1967,231,18,3,3,3
84,"PRIVATE",1951,12,4,2,2,3
89,"PRIVATE",1951,12,4,3,3,3
86,"PRIVATE",1957,90,4,3,2,3
87,"SOCIAL HOUSING",1992,111,8,1,3,3
98,"SOCIAL HOUSING",1992,111,8,3,2,3
70,"TCHC",2006,54,3,1,1,3
83,"TCHC",2006,54,3,3,2,3
96,"TCHC",1961,25,3,2,3,3
96,"TCHC",1961,25,3,3,3,3
89,"SOCIAL HOUSING",1950,25,3,3,2,3
93,"SOCIAL HOUSING",1950,25,3,3,2,3
86,"PRIVATE",1953,14,4,3,2,3
93,"PRIVATE",1953,14,4,3,1,3
100,"PRIVATE",1960,67,7,3,3,3
80,"PRIVATE",1910,10,3,1,1,3
77,"PRIVATE",1910,32,3,3,1,3
91,"PRIVATE",1920,48,4,3,2,3
81,"PRIVATE",1963,128,10,3,1,3
78,"SOCIAL HOUSING",1876,26,3,1,1,3
96,"PRIVATE",1934,48,4,3,3,3
100,"PRIVATE",1934,48,4,3,3,3
89,"PRIVATE",1934,48,4,3,3,3
79,"SOCIAL HOUSING",2008,112,11,3,3,3
98,"PRIVATE",1967,95,14,3,3,3
80,"PRIVATE",1977,300,30,1,1,3
91,"PRIVATE",1977,300,30,3,3,3
97,"PRIVATE",1978,292,30,3,3,3
98,"PRIVATE",2018,369,43,3,3,3
82,"PRIVATE",1978,514,30,1,1,3
82,"PRIVATE",1978,514,30,2,2,3
70,"PRIVATE",1950,34,4,3,1,3
87,"PRIVATE",1950,34,4,2,2,3
90,"PRIVATE",1966,68,7,3,2,3
91,"PRIVATE",1930,23,3,3,3,3
99,"PRIVATE",1930,23,3,3,3,3
93,"PRIVATE",1930,26,3,3,3,3
88,"PRIVATE",1930,26,3,3,2,2
99,"PRIVATE",1930,26,3,3,3,3
85,"PRIVATE",1930,27,3,2,2,2
99,"PRIVATE",1930,27,3,3,3,3
81,"PRIVATE",1940,17,3,3,2,3
93,"PRIVATE",1963,49,4,3,3,3
86,"PRIVATE",1957,26,3,3,2,3
90,"PRIVATE",1957,26,3,3,1,3
90,"PRIVATE",1957,25,3,3,2,3
74,"TCHC",1993,51,4,3,2,3
89,"TCHC",1993,51,4,3,2,3
98,"PRIVATE",1952,16,3,3,2,3
91,"PRIVATE",2013,179,8,2,2,3
85,"TCHC",2014,128,8,2,3,3
86,"PRIVATE",1955,44,8,3,2,3
73,"TCHC",1969,183,42,2,1,3
85,"TCHC",1969,183,42,2,2,3
79,"PRIVATE",1965,92,7,2,1,3
94,"PRIVATE",1965,92,7,2,2,3
64,"PRIVATE",1958,26,4,1,1,3
94,"PRIVATE",1967,142,18,3,2,3
95,"PRIVATE",1967,142,18,3,3,3
98,"PRIVATE",1973,540,36,3,2,3
98,"PRIVATE",1973,540,36,3,3,3
93,"PRIVATE",1974,416,31,3,2,3
99,"PRIVATE",1974,416,31,3,2,3
88,"TCHC",1979,350,19,3,2,3
97,"TCHC",1979,350,19,3,2,3
94,"TCHC",1979,128,13,3,2,3
85,"PRIVATE",1974,310,22,1,2,2
96,"PRIVATE",1974,310,22,3,2,3
90,"TCHC",1962,255,19,2,3,3
91,"PRIVATE",1969,255,16,2,3,3
88,"PRIVATE",1955,44,9,3,2,3
92,"PRIVATE",1930,18,3,3,2,3
82,"PRIVATE",1930,21,3,2,2,3
89,"PRIVATE",1930,21,3,2,3,3
93,"PRIVATE",1955,80,8,3,2,3
96,"PRIVATE",1955,80,8,3,3,3
92,"PRIVATE",1955,47,4,3,3,3
96,"PRIVATE",1955,47,4,3,2,3
94,"PRIVATE",1955,50,4,3,2,3
96,"PRIVATE",1955,50,4,3,3,3
76,"PRIVATE",1967,147,14,1,2,2
46,"SOCIAL HOUSING",1992,13,4,0,3,0
81,"SOCIAL HOUSING",1992,13,4,2,1,3
88,"TCHC",1979,275,12,3,2,3
87,"PRIVATE",1960,17,3,3,3,3
88,"PRIVATE",1960,17,3,3,2,3
86,"PRIVATE",1961,48,4,3,3,3
98,"PRIVATE",1961,48,4,3,3,3
92,"SOCIAL HOUSING",1982,174,10,3,3,3
94,"SOCIAL HOUSING",1982,174,10,3,3,3
89,"TCHC",1979,189,5,3,2,3
90,"TCHC",1979,189,5,3,2,3
69,"PRIVATE",1895,11,4,1,1,3
96,"PRIVATE",1955,32,3,3,2,3
92,"PRIVATE",1965,230,16,3,3,3
97,"PRIVATE",1965,230,16,3,3,3
97,"PRIVATE",1968,243,17,3,2,3
97,"PRIVATE",1957,52,3,3,3,3
99,"PRIVATE",1957,52,3,3,3,3
86,"PRIVATE",1960,45,5,3,3,3
98,"PRIVATE",1960,45,5,3,1,3
97,"PRIVATE",1958,44,4,3,3,3
95,"PRIVATE",1958,50,4,3,2,3
96,"PRIVATE",1958,50,4,3,3,3
93,"PRIVATE",1961,58,7,3,3,3
94,"PRIVATE",1958,50,4,3,2,3
96,"PRIVATE",1958,50,4,3,3,3
86,"PRIVATE",1955,35,4,1,1,3
87,"PRIVATE",1957,23,4,1,2,3
95,"PRIVATE",1957,23,4,3,3,3
91,"PRIVATE",1957,21,4,3,3,3
96,"PRIVATE",1957,21,4,3,3,3
97,"PRIVATE",1963,113,9,3,2,3
96,"PRIVATE",1963,113,9,3,2,3
92,"PRIVATE",1962,111,13,3,2,3
96,"PRIVATE",1962,111,13,3,3,3
95,"PRIVATE",1963,113,9,3,2,3
97,"PRIVATE",1962,101,12,3,3,3
99,"PRIVATE",1962,101,12,3,3,3
76,"PRIVATE",1950,20,3,1,1,3
98,"PRIVATE",1960,64,3,3,3,3
90,"PRIVATE",1960,64,3,3,2,3
78,"PRIVATE",1960,39,3,2,2,3
94,"PRIVATE",1960,39,3,3,1,3
96,"PRIVATE",1964,128,13,3,2,3
93,"PRIVATE",1940,17,3,2,3,3
91,"PRIVATE",1965,18,3,3,2,3
94,"PRIVATE",1965,18,3,3,3,3
94,"TCHC",1969,323,11,2,2,3
94,"TCHC",1969,323,11,3,2,3
92,"SOCIAL HOUSING",1983,77,10,2,2,3
82,"TCHC",1964,299,16,1,1,3
93,"TCHC",1964,299,16,2,3,3
80,"TCHC",1964,300,15,2,2,3
78,"TCHC",1964,300,15,1,1,3
85,"TCHC",1964,300,16,3,2,3
92,"PRIVATE",2008,264,12,3,2,3
91,"PRIVATE",1920,16,4,2,2,3
91,"PRIVATE",1920,16,4,2,2,3
91,"PRIVATE",1978,133,9,3,2,2
95,"PRIVATE",1978,88,9,3,3,3
84,"PRIVATE",1978,153,9,2,2,1
92,"PRIVATE",1978,153,9,2,2,3
92,"TCHC",1991,53,12,3,2,3
70,"PRIVATE",1957,10,3,2,3,3
85,"PRIVATE",1952,12,3,2,2,2
94,"PRIVATE",1952,12,3,3,1,3
86,"PRIVATE",1958,40,4,2,2,3
86,"PRIVATE",1958,40,4,3,2,3
85,"PRIVATE",1960,60,4,3,1,3
92,"PRIVATE",2019,301,27,3,3,3
98,"PRIVATE",2019,301,27,3,3,3
100,"PRIVATE",2021,440,26,3,3,3
89,"PRIVATE",1930,17,3,3,1,3
78,"PRIVATE",1948,26,3,2,2,3
74,"PRIVATE",1948,26,3,1,1,3
88,"TCHC",1989,12,4,3,1,3
97,"TCHC",1989,12,4,3,1,3
58,"PRIVATE",1890,11,3,1,1,3
77,"PRIVATE",1890,11,3,1,1,3
85,"PRIVATE",1896,12,4,3,1,3
90,"PRIVATE",1907,17,3,3,2,3
90,"PRIVATE",1907,17,3,3,3,3
95,"PRIVATE",2019,82,6,2,3,3
99,"PRIVATE",2019,82,6,3,3,3
88,"PRIVATE",1974,38,5,3,2,3
85,"PRIVATE",1969,128,9,2,2,3
93,"PRIVATE",1969,128,9,2,3,3
85,"PRIVATE",1970,293,24,2,2,3
84,"PRIVATE",1971,324,29,2,1,3
95,"PRIVATE",1971,324,29,3,3,3
81,"PRIVATE",1923,37,3,3,2,3
99,"PRIVATE",1923,37,3,3,3,3
86,"PRIVATE",1920,27,4,3,1,3
97,"PRIVATE",1920,27,4,3,2,3
87,"PRIVATE",1909,27,4,3,1,3
97,"PRIVATE",1909,27,4,3,2,3
78,"PRIVATE",1927,45,4,3,1,3
95,"PRIVATE",1927,45,4,3,2,3
79,"PRIVATE",1928,47,4,3,1,3
96,"PRIVATE",1928,47,4,3,3,3
81,"PRIVATE",1904,32,4,3,1,3
85,"PRIVATE",1904,32,4,3,2,3
79,"PRIVATE",1932,10,3,1,1,3
65,"PRIVATE",1907,11,3,2,2,3
87,"PRIVATE",1907,11,3,1,1,3
94,"PRIVATE",1911,21,4,3,2,3
95,"PRIVATE",1911,21,4,3,1,3
92,"PRIVATE",1950,12,3,3,2,3
92,"PRIVATE",1950,12,3,3,3,3
93,"PRIVATE",1974,204,17,3,2,3
97,"PRIVATE",1974,204,17,3,3,3
90,"PRIVATE",1974,222,19,1,3,3
95,"PRIVATE",1976,223,19,3,3,3
98,"PRIVATE",1976,223,19,3,3,3
90,"SOCIAL HOUSING",1988,77,5,3,3,3
99,"SOCIAL HOUSING",1988,77,5,3,3,3
88,"SOCIAL HOUSING",1996,60,5,3,2,3
97,"TCHC",1981,139,8,3,3,3
92,"PRIVATE",1930,17,3,3,3,3
54,"PRIVATE",1990,15,3,1,1,1
73,"PRIVATE",1990,15,3,1,2,3
89,"PRIVATE",1963,97,7,3,2,3
94,"PRIVATE",1963,97,7,3,2,3
92,"TCHC",1974,283,10,1,2,3
96,"TCHC",1974,283,10,3,3,3
77,"PRIVATE",1947,29,4,1,1,3
99,"PRIVATE",1964,128,13,3,3,3
94,"PRIVATE",1965,117,12,3,2,3
93,"PRIVATE",2019,466,36,3,2,3
88,"PRIVATE",1928,56,4,3,1,3
85,"PRIVATE",1989,81,11,3,2,3
88,"PRIVATE",1961,211,14,3,3,3
89,"PRIVATE",1973,382,38,2,3,3
98,"PRIVATE",1973,382,38,3,3,3
92,"PRIVATE",1963,125,12,3,2,3
79,"PRIVATE",1964,228,13,2,1,3
90,"PRIVATE",1964,228,13,3,2,3
95,"PRIVATE",1964,83,15,3,3,3
96,"PRIVATE",1963,91,11,3,3,3
88,"PRIVATE",1970,224,12,3,2,2
94,"PRIVATE",1970,224,12,3,3,3
99,"PRIVATE",2015,221,16,3,3,3
100,"PRIVATE",2015,221,16,3,3,3
87,"TCHC",1990,207,9,2,2,3
84,"PRIVATE",1967,38,4,3,2,3
86,"PRIVATE",1967,38,4,1,2,3
91,"SOCIAL HOUSING",1977,200,11,3,3,3
89,"PRIVATE",1940,30,3,3,2,3
95,"PRIVATE",1940,30,3,3,2,3
71,"PRIVATE",1967,22,4,3,1,3
70,"PRIVATE",1969,22,3,2,1,2
64,"PRIVATE",1940,15,3,1,3,3
79,"PRIVATE",1914,13,4,1,2,3
91,"PRIVATE",1914,13,4,3,3,3
78,"SOCIAL HOUSING",1984,128,13,1,2,3
98,"SOCIAL HOUSING",1984,128,13,3,3,3
100,"PRIVATE",2022,286,36,3,3,3
99,"PRIVATE",2021,166,16,3,3,3
94,"PRIVATE",1971,334,24,3,3,3
85,"PRIVATE",1959,62,7,3,2,3
87,"PRIVATE",1959,62,7,3,1,3
97,"SOCIAL HOUSING",1972,103,6,3,1,3
77,"PRIVATE",1905,24,4,1,2,3
76,"PRIVATE",1905,24,4,1,1,3
92,"PRIVATE",2007,55,7,3,3,3
92,"PRIVATE",2007,55,7,2,3,3
78,"PRIVATE",1957,57,10,1,1,3
87,"PRIVATE",1965,75,11,3,3,3
91,"PRIVATE",1965,75,11,3,2,3
92,"PRIVATE",1963,157,11,3,1,3
89,"PRIVATE",2009,91,5,3,1,3
79,"PRIVATE",1969,216,23,1,1,3
84,"PRIVATE",1969,216,23,3,1,3
95,"PRIVATE",1967,141,22,3,2,3
80,"PRIVATE",1931,31,4,3,2,3
90,"PRIVATE",1931,31,4,3,1,3
85,"PRIVATE",1935,32,4,2,1,3
89,"PRIVATE",1935,32,4,3,1,3
83,"PRIVATE",1929,24,4,2,2,3
82,"PRIVATE",1929,24,4,2,1,3
83,"PRIVATE",1959,54,6,2,2,3
94,"PRIVATE",1965,54,6,3,2,3
89,"PRIVATE",1928,45,4,3,3,3
93,"PRIVATE",1965,102,18,3,2,3
98,"PRIVATE",1965,102,18,3,3,3
89,"PRIVATE",1928,24,3,3,1,3
89,"PRIVATE",1928,24,3,3,2,3
86,"PRIVATE",1962,34,3,2,2,2
92,"PRIVATE",1962,34,3,3,2,3
95,"PRIVATE",1951,10,3,3,3,3
92,"PRIVATE",1920,35,4,3,3,3
94,"PRIVATE",1982,60,11,3,3,3
76,"PRIVATE",1920,36,4,3,1,3
88,"SOCIAL HOUSING",1992,150,10,3,2,3
97,"SOCIAL HOUSING",1996,29,4,3,2,3
92,"PRIVATE",1968,193,17,3,2,2
95,"PRIVATE",1968,193,17,3,2,3
95,"PRIVATE",1969,229,16,3,3,3
86,"PRIVATE",1977,254,15,2,2,3
80,"PRIVATE",1977,254,15,2,2,3
91,"PRIVATE",1970,160,12,2,2,3
93,"PRIVATE",1970,160,12,3,3,3
92,"PRIVATE",1969,159,12,3,2,3
99,"SOCIAL HOUSING",1995,115,8,3,3,3
78,"PRIVATE",1965,181,15,3,2,3
91,"PRIVATE",1967,295,19,3,1,3
97,"PRIVATE",1967,295,19,3,1,3
70,"PRIVATE",1900,17,4,1,1,3
92,"PRIVATE",1965,152,13,3,2,3
97,"PRIVATE",1965,152,13,3,2,3
88,"PRIVATE",1940,15,4,2,2,3
84,"PRIVATE",1957,68,8,3,2,3
88,"SOCIAL HOUSING",1994,106,6,2,2,3
86,"PRIVATE",1971,38,7,2,2,3
82,"PRIVATE",1935,24,4,3,2,3
96,"TCHC",1962,147,7,3,3,3
78,"PRIVATE",1925,14,3,1,1,3
81,"PRIVATE",1925,15,3,2,2,3
90,"PRIVATE",1925,15,3,3,2,3
95,"PRIVATE",1970,202,16,3,3,3
90,"PRIVATE",1971,34,5,3,2,3
93,"PRIVATE",1971,34,5,3,2,3
94,"PRIVATE",1956,51,5,3,2,3
92,"PRIVATE",1920,21,4,3,2,3
96,"PRIVATE",1956,61,5,3,2,3
87,"PRIVATE",1959,37,4,3,2,3
88,"PRIVATE",1959,37,4,3,2,3
91,"PRIVATE",1955,36,4,3,3,3
86,"PRIVATE",1940,14,3,2,2,3
85,"PRIVATE",1940,14,3,2,1,3
75,"PRIVATE",1940,15,4,3,2,3
75,"PRIVATE",1940,14,3,2,2,3
89,"PRIVATE",1940,14,3,2,3,3
88,"PRIVATE",1940,15,3,2,2,3
78,"PRIVATE",1940,14,3,2,2,3
89,"PRIVATE",1940,14,3,2,2,3
90,"PRIVATE",1918,16,4,3,2,3
91,"PRIVATE",1918,16,4,3,3,3
89,"PRIVATE",1920,15,4,3,2,3
83,"PRIVATE",1930,15,4,2,1,2
89,"PRIVATE",1930,15,4,3,3,3
84,"PRIVATE",1960,49,4,1,2,3
96,"PRIVATE",1960,49,4,3,3,3
74,"PRIVATE",1964,239,15,3,1,3
91,"PRIVATE",1964,239,15,3,2,3
66,"PRIVATE",1945,26,4,2,1,3
90,"PRIVATE",1945,26,4,3,2,3
81,"PRIVATE",1945,26,4,3,2,3
89,"PRIVATE",1956,25,4,3,2,3
92,"PRIVATE",1956,25,4,3,3,3
93,"PRIVATE",1955,99,9,3,2,3
92,"PRIVATE",1955,99,9,3,1,3
92,"PRIVATE",1969,216,28,3,2,3
91,"PRIVATE",1969,245,23,2,2,3
94,"PRIVATE",1969,245,23,3,2,3
87,"PRIVATE",1950,12,3,3,2,3
92,"PRIVATE",1954,21,4,3,2,3
96,"PRIVATE",1954,21,4,3,2,3
93,"PRIVATE",1963,91,9,3,2,3
87,"PRIVATE",1965,104,9,3,3,3
95,"PRIVATE",1965,104,9,3,2,3
96,"PRIVATE",1958,138,8,3,2,3
90,"PRIVATE",1959,87,5,3,2,3
93,"PRIVATE",1959,87,5,3,2,3
88,"PRIVATE",1960,80,7,2,2,3
93,"PRIVATE",1960,80,7,3,3,3
92,"PRIVATE",2017,46,8,3,3,3
86,"PRIVATE",1962,60,5,3,1,3
95,"PRIVATE",1962,60,5,3,1,3
90,"PRIVATE",1939,19,3,3,2,3
94,"PRIVATE",1939,19,3,3,2,3
83,"PRIVATE",1939,19,3,3,2,3
88,"PRIVATE",1960,72,9,3,1,3
96,"PRIVATE",1952,56,6,3,2,3
92,"TCHC",1974,57,7,3,3,3
82,"PRIVATE",1962,41,5,3,2,3
98,"PRIVATE",1962,41,5,3,3,3
83,"PRIVATE",1965,122,12,2,2,3
96,"PRIVATE",1965,122,12,3,1,3
86,"PRIVATE",1959,20,5,2,2,3
86,"PRIVATE",1959,20,5,2,2,3
90,"PRIVATE",1973,206,15,3,1,3
81,"PRIVATE",1967,185,20,3,2,3
97,"PRIVATE",1967,185,20,3,3,3
89,"PRIVATE",1970,307,27,3,3,3
42,"PRIVATE",1960,36,4,1,1,1
66,"PRIVATE",1960,36,4,1,1,3
94,"SOCIAL HOUSING",1983,127,5,3,2,3
73,"PRIVATE",1960,31,4,2,2,3
83,"PRIVATE",1960,31,4,2,2,2
95,"PRIVATE",1955,34,4,3,3,3
96,"PRIVATE",1955,34,4,3,3,3
74,"PRIVATE",1959,113,10,2,2,3
92,"PRIVATE",1965,149,13,2,3,3
94,"PRIVATE",1965,118,10,3,2,3
95,"PRIVATE",1965,118,10,3,2,3
98,"PRIVATE",1960,59,6,3,2,3
97,"PRIVATE",1960,59,6,3,2,3
65,"PRIVATE",1955,58,6,2,1,3
83,"PRIVATE",1955,58,6,3,2,3
85,"PRIVATE",1960,110,7,2,2,3
95,"PRIVATE",1960,110,7,3,2,3
91,"PRIVATE",1967,315,18,3,2,3
93,"PRIVATE",1967,315,18,3,2,3
91,"PRIVATE",1950,12,3,3,3,3
86,"PRIVATE",1966,31,4,3,2,3
79,"PRIVATE",1965,24,4,2,2,3
100,"PRIVATE",1965,24,4,3,3,3
88,"PRIVATE",1984,364,23,1,2,3
90,"PRIVATE",1980,318,23,2,3,3
95,"PRIVATE",2011,236,22,3,3,3
80,"PRIVATE",1972,126,11,1,1,3
82,"PRIVATE",1968,142,12,3,2,3
92,"PRIVATE",1960,92,12,3,3,3
93,"PRIVATE",1960,92,12,3,1,3
93,"PRIVATE",1971,88,12,3,3,3
95,"PRIVATE",1971,88,12,3,1,3
78,"PRIVATE",1970,136,7,2,2,3
86,"PRIVATE",1972,136,7,3,3,3
84,"PRIVATE",1962,70,4,3,2,3
79,"PRIVATE",1940,15,3,2,1,3
81,"PRIVATE",1950,11,3,2,2,3
88,"PRIVATE",1950,10,3,2,3,3
89,"PRIVATE",1960,18,3,3,2,3
93,"PRIVATE",1960,18,3,3,3,3
89,"PRIVATE",1967,201,17,3,1,3
91,"PRIVATE",1967,201,17,3,2,3
92,"PRIVATE",1967,201,17,3,2,3
96,"PRIVATE",1968,118,10,3,3,3
96,"PRIVATE",1968,118,10,3,3,3
57,"PRIVATE",1960,18,4,2,1,3
91,"PRIVATE",1968,53,5,1,2,3
93,"PRIVATE",1968,53,5,2,2,3
89,"SOCIAL HOUSING",1992,133,9,3,2,3
97,"SOCIAL HOUSING",1992,133,9,3,3,3
91,"PRIVATE",1967,174,13,2,2,3
92,"PRIVATE",1967,174,13,3,3,3
83,"SOCIAL HOUSING",1985,39,3,2,2,3
86,"SOCIAL HOUSING",1985,39,3,3,3,3
85,"SOCIAL HOUSING",1985,41,3,2,2,3
93,"SOCIAL HOUSING",1985,41,3,3,3,3
87,"TCHC",1972,419,20,2,2,3
92,"PRIVATE",1965,81,11,3,3,3
84,"PRIVATE",1956,45,4,3,3,3
81,"PRIVATE",1953,42,4,2,2,3
80,"PRIVATE",1956,22,4,3,2,3
94,"SOCIAL HOUSING",1988,125,9,3,3,3
99,"SOCIAL HOUSING",1988,125,9,3,3,3
90,"PRIVATE",1953,52,6,3,2,3
93,"PRIVATE",1953,52,6,3,2,3
96,"PRIVATE",1965,64,9,3,2,3
65,"PRIVATE",1960,56,9,1,1,3
93,"PRIVATE",1960,39,7,3,2,3
92,"PRIVATE",1960,39,7,3,2,3
80,"PRIVATE",1965,26,3,3,1,3
84,"PRIVATE",1965,26,3,3,2,3
80,"PRIVATE",1959,39,7,1,2,3
90,"PRIVATE",1959,39,7,3,2,3
87,"PRIVATE",1955,36,7,3,2,3
95,"PRIVATE",1955,36,7,3,2,3
87,"TCHC",1974,253,17,2,2,3
96,"PRIVATE",1960,62,5,3,2,3
97,"PRIVATE",1960,62,5,3,3,3
84,"PRIVATE",1974,31,5,3,2,3
97,"PRIVATE",1972,110,9,3,3,3
97,"PRIVATE",1972,110,9,3,3,3
71,"PRIVATE",1969,72,7,2,1,3
90,"PRIVATE",1969,72,7,3,2,3
90,"PRIVATE",1960,71,7,3,3,3
96,"PRIVATE",2005,89,7,3,2,3
98,"PRIVATE",2005,89,7,3,3,3
94,"PRIVATE",1960,11,3,3,2,2
90,"PRIVATE",1955,11,3,3,2,3
97,"PRIVATE",1960,12,3,3,3,3
99,"PRIVATE",1960,12,3,3,3,3
87,"PRIVATE",1960,12,3,3,3,3
79,"PRIVATE",1960,12,3,3,2,3
80,"PRIVATE",1960,12,3,2,3,3
93,"PRIVATE",1960,12,3,3,3,3
80,"PRIVATE",1960,12,3,2,2,3
83,"PRIVATE",1940,12,3,2,1,3
79,"PRIVATE",1950,31,4,2,2,2
85,"PRIVATE",1950,31,4,3,2,3
80,"PRIVATE",1960,12,3,2,2,3
81,"PRIVATE",1960,12,3,2,2,3
80,"PRIVATE",1956,15,4,2,2,3
92,"PRIVATE",1956,15,4,3,3,3
89,"PRIVATE",1956,16,4,3,3,3
93,"PRIVATE",1956,16,4,3,3,3
90,"PRIVATE",1952,16,3,3,2,3
95,"PRIVATE",1952,16,3,3,2,3
89,"PRIVATE",1952,16,3,2,3,3
90,"PRIVATE",1952,16,3,3,2,3
92,"PRIVATE",1952,16,3,3,2,3
91,"PRIVATE",1968,30,4,3,2,3
93,"PRIVATE",1968,30,4,3,2,3
88,"TCHC",1970,94,8,2,2,3
94,"TCHC",1970,94,8,2,3,3
89,"TCHC",1968,97,9,3,2,3
96,"TCHC",1968,97,9,3,2,3
99,"PRIVATE",1973,266,21,3,3,3
98,"PRIVATE",1973,266,21,3,3,3
87,"PRIVATE",1970,483,30,3,3,3
92,"PRIVATE",1970,483,30,2,2,3
99,"PRIVATE",2017,179,14,3,3,3
100,"PRIVATE",2017,179,14,3,3,3
96,"PRIVATE",1970,371,24,3,1,3
94,"PRIVATE",1970,313,20,3,2,3
92,"PRIVATE",1969,401,25,3,3,3
80,"PRIVATE",1965,18,3,3,1,3
75,"SOCIAL HOUSING",1994,14,4,2,2,3
88,"PRIVATE",1970,246,14,3,3,3
93,"PRIVATE",1970,246,14,2,2,3
77,"SOCIAL HOUSING",1970,49,5,1,2,3
40,"PRIVATE",1966,332,14,1,1,3
94,"PRIVATE",1958,67,4,3,3,3
96,"PRIVATE",1958,67,4,3,2,3
75,"PRIVATE",1959,66,4,2,1,3
64,"PRIVATE",1960,62,4,2,1,3
83,"PRIVATE",1960,62,4,2,2,3
83,"PRIVATE",1950,34,4,3,2,3
66,"PRIVATE",1953,46,4,1,1,3
91,"PRIVATE",1959,43,4,3,2,3
94,"PRIVATE",1959,43,4,3,3,3
59,"PRIVATE",1959,84,6,1,1,2
69,"PRIVATE",1959,84,6,1,1,3
89,"PRIVATE",1959,60,6,2,2,3
83,"PRIVATE",1950,17,3,2,3,3
86,"PRIVATE",1928,31,3,3,1,3
90,"PRIVATE",1960,52,4,3,1,3
94,"PRIVATE",1960,52,4,3,2,3
82,"PRIVATE",1962,29,3,3,1,3
95,"PRIVATE",1962,29,3,3,2,3
83,"SOCIAL HOUSING",2011,250,17,2,2,3
87,"SOCIAL HOUSING",2011,250,17,2,3,3
85,"PRIVATE",1970,223,5,2,2,3
86,"PRIVATE",1970,223,5,2,3,3
99,"PRIVATE",1966,391,17,3,3,3
97,"PRIVATE",1966,107,6,3,2,3
97,"PRIVATE",1966,107,6,3,3,3
90,"PRIVATE",1967,65,5,3,2,3
95,"PRIVATE",1967,65,5,3,2,3
91,"PRIVATE",1976,32,4,3,2,3
88,"PRIVATE",1976,27,4,3,2,3
98,"SOCIAL HOUSING",1994,145,8,3,3,3
92,"TCHC",1969,180,16,2,3,3
96,"TCHC",1969,180,16,3,3,3
92,"SOCIAL HOUSING",1976,126,12,3,3,3
91,"PRIVATE",1960,12,3,3,2,3
86,"SOCIAL HOUSING",1982,18,3,3,2,3
94,"SOCIAL HOUSING",1982,18,3,3,3,3
86,"PRIVATE",1957,66,4,3,3,3
85,"PRIVATE",1957,59,4,3,1,3
89,"PRIVATE",1957,59,4,3,3,3
85,"PRIVATE",1950,61,3,3,2,3
73,"PRIVATE",1931,12,3,3,1,3
83,"PRIVATE",1957,12,3,3,2,3
75,"PRIVATE",1919,18,4,1,1,3
94,"PRIVATE",1929,24,4,3,1,3
81,"PRIVATE",1956,24,4,2,2,2
95,"PRIVATE",1956,24,4,3,3,3
97,"PRIVATE",1927,50,4,3,3,3
78,"PRIVATE",1960,34,3,1,2,3
92,"PRIVATE",1960,34,3,3,3,3
76,"PRIVATE",1918,47,6,3,2,3
80,"PRIVATE",1918,47,6,3,1,3
93,"PRIVATE",1947,24,4,3,3,3
100,"PRIVATE",2024,95,12,1,3,3
83,"PRIVATE",1930,18,3,3,1,3
70,"PRIVATE",1918,30,3,2,2,3
90,"PRIVATE",1918,30,3,3,2,3
92,"TCHC",1993,113,5,1,3,3
99,"TCHC",1993,113,5,3,3,3
75,"SOCIAL HOUSING",1916,15,4,2,2,3
79,"SOCIAL HOUSING",1916,15,4,1,2,3
96,"PRIVATE",1965,119,14,3,3,3
83,"PRIVATE",1933,24,4,2,2,3
86,"PRIVATE",1933,24,4,2,3,3
85,"PRIVATE",1959,42,6,3,1,3
93,"PRIVATE",1959,42,6,3,2,3
92,"PRIVATE",1932,24,4,3,1,3
93,"PRIVATE",1932,24,4,3,3,3
84,"PRIVATE",1932,24,4,3,2,3
92,"PRIVATE",1932,24,4,3,3,3
83,"PRIVATE",1943,32,4,3,2,3
96,"PRIVATE",1956,85,9,3,2,3
86,"PRIVATE",1967,36,4,3,2,3
91,"PRIVATE",1974,76,8,3,2,3
91,"PRIVATE",1974,76,8,3,2,3
75,"PRIVATE",1960,10,3,1,2,3
81,"PRIVATE",1960,10,3,3,2,3
90,"PRIVATE",1965,62,5,3,1,3
88,"PRIVATE",1965,62,5,3,1,3
92,"PRIVATE",1965,61,5,3,2,3
99,"PRIVATE",1965,61,5,3,3,3
89,"PRIVATE",1974,175,14,3,2,3
86,"PRIVATE",1961,58,6,3,2,3
91,"PRIVATE",1961,58,6,2,1,3
94,"TCHC",1979,330,11,2,2,3
96,"TCHC",1979,330,11,3,3,3
93,"PRIVATE",1965,180,15,3,3,2
78,"PRIVATE",1969,177,9,2,1,3
75,"PRIVATE",1969,177,9,3,1,3
93,"PRIVATE",1973,92,9,3,2,3
81,"SOCIAL HOUSING",1992,41,4,2,1,3
81,"PRIVATE",1920,11,3,2,2,3
94,"PRIVATE",1929,48,4,3,3,3
90,"PRIVATE",1922,13,3,3,2,3
83,"PRIVATE",1910,10,3,3,2,3
96,"PRIVATE",1968,291,24,3,3,3
97,"TCHC",1972,69,8,3,3,3
82,"PRIVATE",1929,39,3,3,3,3
67,"PRIVATE",1950,24,3,1,2,1
89,"PRIVATE",1979,249,16,3,3,2
89,"PRIVATE",1960,151,9,3,3,1
90,"PRIVATE",2013,62,7,3,3,3
97,"PRIVATE",2013,62,7,3,2,3
84,"TCHC",1981,247,7,2,2,3
89,"PRIVATE",1967,59,13,3,3,3
98,"PRIVATE",1965,95,17,3,3,2
94,"PRIVATE",1970,13,4,3,2,3
89,"PRIVATE",1969,137,12,3,3,3
77,"SOCIAL HOUSING",2007,14,3,3,2,3
83,"SOCIAL HOUSING",2007,14,3,2,1,3
78,"PRIVATE",1930,16,4,3,3,3
87,"PRIVATE",1930,16,4,3,2,2
96,"PRIVATE",1969,100,10,3,3,3
92,"PRIVATE",1964,180,12,3,3,3
86,"TCHC",1983,255,15,1,2,3
91,"TCHC",1983,255,15,3,2,3
75,"PRIVATE",1960,26,3,2,2,3
80,"PRIVATE",1960,26,3,3,2,3
76,"PRIVATE",1958,17,3,3,3,3
92,"PRIVATE",1976,575,22,2,2,3
95,"PRIVATE",1959,77,4,3,3,3
93,"PRIVATE",1963,141,12,3,1,3
86,"PRIVATE",1962,63,6,3,2,3
83,"PRIVATE",1970,60,5,3,2,3
89,"PRIVATE",1970,60,5,3,1,3
82,"PRIVATE",1963,111,10,3,1,3
89,"PRIVATE",1964,55,6,3,1,3
93,"PRIVATE",1963,123,13,3,2,3
88,"PRIVATE",1931,12,3,3,1,3
82,"PRIVATE",1968,33,4,2,2,3
91,"PRIVATE",1968,33,4,3,3,3
89,"PRIVATE",1967,229,18,3,2,3
96,"PRIVATE",1967,229,18,3,2,3
90,"TCHC",1985,53,9,2,1,3
97,"TCHC",1985,53,9,3,2,3
85,"TCHC",1985,101,16,1,3,3
86,"PRIVATE",1961,120,14,3,3,3
82,"PRIVATE",1970,268,15,3,3,3
92,"TCHC",1955,36,4,3,1,3
86,"PRIVATE",1945,38,4,3,1,3
76,"PRIVATE",1959,20,3,3,2,3
77,"PRIVATE",1959,20,3,2,1,3
77,"PRIVATE",1968,267,23,2,1,3
78,"PRIVATE",1968,267,23,3,1,3
80,"PRIVATE",1971,419,24,2,1,3
91,"PRIVATE",1971,419,24,3,2,3
87,"PRIVATE",1956,11,3,3,2,3
82,"PRIVATE",1970,12,3,3,1,3
79,"PRIVATE",1956,11,3,3,1,3
81,"PRIVATE",2023,12,3,3,1,3
81,"PRIVATE",1956,11,3,3,1,3
78,"PRIVATE",2023,11,3,3,2,3
88,"TCHC",1969,36,3,2,3,3
90,"TCHC",1969,36,3,2,3,2
84,"TCHC",1969,45,3,2,2,3
91,"PRIVATE",1970,65,16,2,2,3
93,"PRIVATE",1943,32,4,3,3,3
95,"PRIVATE",1943,32,4,3,2,3
91,"PRIVATE",1943,32,4,3,2,3
96,"PRIVATE",1965,56,5,3,3,3
80,"PRIVATE",1940,25,5,2,2,3
84,"PRIVATE",1940,25,5,1,1,3
90,"PRIVATE",1926,36,4,3,2,3
93,"PRIVATE",1926,36,4,3,3,3
88,"PRIVATE",1926,36,4,3,3,3
90,"PRIVATE",1926,36,4,3,3,3
89,"PRIVATE",1926,36,4,3,2,3
87,"PRIVATE",1926,36,4,3,2,3
92,"PRIVATE",1940,24,4,3,3,3
89,"PRIVATE",1940,24,4,3,2,3
66,"PRIVATE",1950,33,3,1,1,3
73,"PRIVATE",1950,33,3,2,1,3
85,"PRIVATE",1955,35,4,3,2,3
81,"PRIVATE",1948,22,3,2,1,2
88,"PRIVATE",1948,22,3,3,2,3
88,"PRIVATE",1960,62,5,3,2,3
92,"PRIVATE",1960,62,5,3,2,3
83,"PRIVATE",1939,34,4,3,2,3
86,"PRIVATE",1939,34,4,3,2,3
91,"PRIVATE",1923,32,4,3,2,3
83,"PRIVATE",1954,73,6,3,1,3
83,"PRIVATE",1954,73,6,2,1,3
96,"PRIVATE",1930,25,3,2,3,3
89,"PRIVATE",1950,24,3,2,2,3
80,"PRIVATE",1950,24,3,2,3,3
95,"PRIVATE",1950,31,3,3,2,3
93,"PRIVATE",1940,23,3,3,3,3
89,"PRIVATE",1940,32,4,3,2,3
91,"PRIVATE",1960,21,4,3,3,3
99,"PRIVATE",1955,23,4,3,3,3
78,"PRIVATE",2004,15,3,3,2,3
96,"PRIVATE",1969,110,18,3,3,3
99,"PRIVATE",1969,110,18,3,3,3
93,"PRIVATE",1971,109,20,3,3,3
95,"PRIVATE",1973,41,4,3,3,3
97,"PRIVATE",1970,134,12,3,3,3
99,"PRIVATE",1970,134,12,3,3,3
96,"PRIVATE",1955,38,4,3,3,3
98,"PRIVATE",1955,38,4,3,2,3
85,"PRIVATE",1930,36,4,3,1,3
98,"TCHC",1993,83,7,3,3,3
96,"TCHC",1993,57,7,3,2,3
86,"TCHC",1956,75,3,2,2,2
88,"TCHC",1956,75,3,3,2,3
100,"PRIVATE",2025,389,38,3,3,3
92,"PRIVATE",1965,357,20,2,2,3
91,"PRIVATE",1965,357,20,3,2,3
89,"PRIVATE",1963,205,10,3,2,3
96,"PRIVATE",1963,205,10,2,2,3
88,"PRIVATE",1956,86,4,3,2,3
85,"TCHC",1954,52,4,1,2,1
92,"PRIVATE",1964,171,15,3,3,3
94,"PRIVATE",1964,171,15,3,3,3
91,"PRIVATE",1967,181,16,2,3,3
94,"PRIVATE",1967,181,16,3,3,3
92,"PRIVATE",1968,49,6,3,3,3
94,"PRIVATE",1968,49,6,3,3,3
94,"PRIVATE",1964,225,16,3,3,3
97,"PRIVATE",1964,225,16,3,3,3
81,"PRIVATE",1968,178,16,3,2,3
82,"PRIVATE",1962,55,6,2,1,3
82,"PRIVATE",1961,55,6,2,1,3
80,"PRIVATE",1969,95,10,2,1,3
73,"PRIVATE",1960,333,25,2,1,3
88,"PRIVATE",1950,40,4,3,2,3
83,"PRIVATE",1966,70,6,3,2,3
91,"PRIVATE",1966,70,6,3,2,3
93,"PRIVATE",1960,40,4,3,2,3
91,"PRIVATE",1960,43,4,2,2,3
96,"PRIVATE",1959,61,4,3,3,3
99,"PRIVATE",1959,61,4,3,3,3
95,"PRIVATE",1959,61,4,3,2,3
97,"PRIVATE",1959,61,4,3,3,3
95,"PRIVATE",1958,66,6,3,2,3
99,"PRIVATE",1958,66,6,3,3,3
83,"PRIVATE",1950,46,6,3,2,2
83,"PRIVATE",1950,46,6,3,1,3
87,"PRIVATE",1960,49,6,3,2,3
85,"SOCIAL HOUSING",1993,221,14,2,2,3
83,"PRIVATE",1971,226,19,1,3,3
95,"PRIVATE",1970,65,16,3,3,3
100,"PRIVATE",2020,315,35,3,3,3
100,"PRIVATE",2020,315,35,3,3,3
77,"PRIVATE",1964,109,10,2,2,3
84,"PRIVATE",1964,109,10,3,2,3
98,"PRIVATE",1964,188,16,3,3,3
99,"PRIVATE",1964,188,16,3,3,3
84,"PRIVATE",1956,37,4,3,2,3
90,"PRIVATE",1970,491,27,1,3,3
92,"PRIVATE",1970,491,27,3,3,3
96,"PRIVATE",1972,227,23,3,2,3
98,"PRIVATE",1972,227,23,3,3,3
93,"PRIVATE",1970,28,11,3,2,3
98,"PRIVATE",1962,160,13,3,2,3
96,"PRIVATE",1969,250,23,3,3,3
98,"PRIVATE",1969,250,23,3,3,3
98,"PRIVATE",1950,40,4,2,2,3
94,"PRIVATE",1957,31,4,2,2,3
93,"PRIVATE",1960,47,13,3,2,3
94,"PRIVATE",1961,15,4,3,3,3
99,"PRIVATE",1961,15,4,3,3,3
98,"PRIVATE",1966,134,15,3,3,3
99,"PRIVATE",1966,134,15,3,3,3
89,"PRIVATE",1966,163,15,3,2,3
95,"PRIVATE",1966,163,15,3,3,3
94,"PRIVATE",1965,218,16,3,2,3
93,"PRIVATE",1963,97,7,3,2,3
98,"PRIVATE",1963,97,7,3,2,3
85,"PRIVATE",1950,39,4,3,2,3
88,"PRIVATE",1950,72,5,3,2,3
93,"PRIVATE",1950,72,5,3,2,3
86,"PRIVATE",1941,52,3,2,2,3
83,"PRIVATE",1941,52,3,2,2,2
83,"PRIVATE",1953,15,3,1,1,3
59,"PRIVATE",1937,10,3,1,1,3
84,"PRIVATE",1951,75,7,3,3,3
64,"PRIVATE",1949,39,4,1,1,3
98,"PRIVATE",1953,62,5,3,2,3
89,"PRIVATE",1964,210,11,3,2,3
96,"PRIVATE",1964,210,11,3,3,3
89,"PRIVATE",1953,31,6,3,2,3
86,"PRIVATE",1976,83,10,2,2,3
93,"PRIVATE",1952,114,11,3,2,3
83,"PRIVATE",1953,62,6,1,2,3
97,"PRIVATE",1953,62,6,3,3,3
92,"PRIVATE",1961,149,10,3,2,3
64,"PRIVATE",1960,60,5,3,1,3
97,"PRIVATE",1964,117,14,3,2,3
75,"PRIVATE",1960,10,3,2,1,3
96,"TCHC",1992,160,7,3,2,3
96,"TCHC",1992,160,7,3,2,3
91,"PRIVATE",1970,47,6,3,1,3
98,"TCHC",1983,181,12,3,3,3
100,"TCHC",1983,181,12,3,3,3
96,"PRIVATE",1960,28,3,3,3,3
97,"PRIVATE",1960,28,3,3,3,3
87,"TCHC",1954,52,4,2,2,3
81,"PRIVATE",1970,39,6,2,2,3
91,"PRIVATE",1970,39,6,3,2,3
89,"PRIVATE",1885,11,3,3,1,3
93,"PRIVATE",1885,11,3,3,2,2
94,"PRIVATE",1969,254,21,3,3,3
99,"PRIVATE",1969,254,21,3,3,3
93,"PRIVATE",1968,124,15,3,3,3
94,"PRIVATE",1968,124,15,3,3,3
93,"PRIVATE",1967,148,20,3,3,3
95,"PRIVATE",1967,148,20,3,3,3
99,"PRIVATE",2001,44,8,3,3,3
93,"PRIVATE",1967,41,4,3,3,3
78,"PRIVATE",1970,47,7,3,2,3
84,"PRIVATE",1965,19,3,3,3,3
95,"PRIVATE",1965,19,3,3,3,3
78,"PRIVATE",1964,38,4,2,2,3
90,"PRIVATE",1964,38,4,2,2,3
83,"PRIVATE",1964,44,4,2,2,3
87,"PRIVATE",1964,44,4,3,2,3
82,"PRIVATE",1965,76,4,2,2,3
90,"PRIVATE",1965,76,4,3,1,3
91,"PRIVATE",1965,57,4,2,2,3
84,"PRIVATE",1966,48,4,3,1,3
87,"PRIVATE",1966,38,4,3,1,3
94,"PRIVATE",1964,185,19,3,2,3
90,"PRIVATE",1968,170,14,3,2,3
91,"PRIVATE",1968,170,14,3,2,3
95,"TCHC",1980,397,6,3,3,3
87,"PRIVATE",1960,171,16,3,2,3
96,"PRIVATE",1970,168,16,3,3,3
79,"PRIVATE",1930,24,4,2,1,3
94,"SOCIAL HOUSING",1985,53,5,3,3,3
94,"TCHC",1986,254,8,3,2,3
97,"SOCIAL HOUSING",2012,44,8,3,3,3
97,"PRIVATE",1949,36,3,3,3,3
96,"SOCIAL HOUSING",1995,134,8,3,2,3
97,"SOCIAL HOUSING",1995,134,8,3,3,3
95,"SOCIAL HOUSING",1992,125,9,3,3,3
75,"PRIVATE",1958,87,4,3,1,1
75,"PRIVATE",1951,11,3,3,1,3
86,"PRIVATE",1912,16,3,3,1,3
89,"PRIVATE",1912,16,3,2,2,3
70,"PRIVATE",1960,18,3,1,2,2
74,"PRIVATE",1960,18,3,1,1,2
63,"PRIVATE",1924,20,3,1,1,3
63,"PRIVATE",1930,13,3,3,1,3
42,"PRIVATE",1940,11,3,1,1,3
93,"PRIVATE",1967,356,20,3,2,3
95,"PRIVATE",1967,356,20,3,1,3
91,"PRIVATE",2008,19,3,3,2,3
94,"PRIVATE",2008,19,3,3,1,3
94,"TCHC",1989,138,7,3,3,3
92,"TCHC",1989,138,7,3,3,3
94,"PRIVATE",1963,97,7,3,2,3
98,"PRIVATE",1963,97,7,3,2,3
71,"PRIVATE",1930,16,3,1,2,3
65,"PRIVATE",1958,26,3,3,1,3
94,"PRIVATE",1958,26,3,3,1,3
88,"PRIVATE",1974,195,18,1,2,3
92,"PRIVATE",1974,152,14,2,2,3
93,"PRIVATE",1974,152,14,3,2,3
79,"PRIVATE",1971,140,18,3,3,3
90,"PRIVATE",1971,140,18,3,3,3
85,"PRIVATE",1960,48,5,3,2,3
91,"PRIVATE",1967,25,3,2,3,3
96,"PRIVATE",1967,25,3,3,3,3
83,"PRIVATE",1970,25,3,2,1,3
96,"PRIVATE",1967,85,11,3,3,3
89,"PRIVATE",1970,154,19,2,2,3
91,"PRIVATE",1970,154,19,3,2,3
87,"PRIVATE",1968,159,20,3,2,3
88,"PRIVATE",1968,159,20,3,2,3
90,"PRIVATE",1970,154,20,2,2,2
100,"SOCIAL HOUSING",2021,103,10,3,3,3
86,"TCHC",1970,224,19,1,1,3
84,"TCHC",1970,221,19,3,2,3
96,"TCHC",1970,221,19,1,3,3
93,"TCHC",1970,224,19,3,3,3
85,"PRIVATE",1957,11,3,3,2,3
97,"SOCIAL HOUSING",1996,175,5,3,3,3
96,"SOCIAL HOUSING",1996,175,5,3,2,3
90,"PRIVATE",1970,136,19,3,1,3
90,"PRIVATE",1955,22,4,3,2,3
94,"PRIVATE",1955,22,4,3,2,3
92,"PRIVATE",1955,22,4,3,2,3
92,"PRIVATE",1955,22,4,3,2,3
76,"PRIVATE",1955,20,4,3,1,3
90,"SOCIAL HOUSING",1984,160,8,3,3,3
94,"PRIVATE",1965,102,9,3,3,3
96,"PRIVATE",1965,102,9,3,3,3
96,"PRIVATE",1958,34,4,3,2,3
97,"PRIVATE",1958,34,4,3,3,3
87,"PRIVATE",1960,61,7,3,1,3
87,"PRIVATE",1960,19,4,3,1,3
92,"PRIVATE",1960,19,4,3,1,3
91,"PRIVATE",1974,225,19,3,1,3
81,"PRIVATE",1958,48,7,2,1,3
97,"PRIVATE",1958,48,7,3,2,3
82,"PRIVATE",1964,47,7,2,1,3
79,"PRIVATE",1964,47,7,1,1,3
98,"PRIVATE",2005,84,6,3,2,3
99,"PRIVATE",2005,84,6,3,3,3
92,"PRIVATE",1960,58,4,3,3,3
94,"PRIVATE",1960,58,4,3,3,3
89,"PRIVATE",1960,28,4,3,3,3
94,"PRIVATE",1960,28,4,3,3,3
83,"PRIVATE",1960,28,4,3,1,3
85,"PRIVATE",1958,31,3,3,2,3
95,"PRIVATE",1958,31,3,3,2,3
96,"PRIVATE",1958,30,4,3,2,3
78,"PRIVATE",1964,121,15,3,2,3
85,"PRIVATE",1964,121,15,3,2,3
92,"PRIVATE",1954,22,3,3,2,3
97,"PRIVATE",1962,24,5,3,3,3
84,"PRIVATE",1935,15,3,2,1,3
86,"PRIVATE",1935,15,3,3,2,3
69,"PRIVATE",1960,63,9,1,1,3
81,"PRIVATE",1960,63,9,2,2,3
64,"PRIVATE",1888,13,3,1,1,3
88,"PRIVATE",1982,238,22,3,2,3
93,"PRIVATE",1982,238,22,3,2,3
96,"PRIVATE",1974,163,24,3,3,3
95,"PRIVATE",1974,163,24,3,3,3
85,"PRIVATE",1959,42,5,3,1,3
94,"PRIVATE",1959,42,5,3,2,3
94,"PRIVATE",1959,42,5,3,2,3
85,"PRIVATE",1977,40,4,3,3,3
92,"PRIVATE",1977,40,4,3,2,3
82,"PRIVATE",1970,20,3,3,2,3
87,"PRIVATE",1970,20,3,3,1,3
65,"PRIVATE",1960,28,4,1,1,3
85,"PRIVATE",1960,28,4,3,2,3
60,"PRIVATE",1968,24,4,1,2,3
87,"PRIVATE",1968,141,12,2,3,3
69,"PRIVATE",1968,112,10,1,1,3
73,"PRIVATE",1945,11,3,2,2,3
94,"PRIVATE",1967,275,21,3,2,3
93,"PRIVATE",1967,275,21,3,1,3
94,"PRIVATE",1955,111,5,3,3,3
98,"PRIVATE",1955,111,5,3,3,3
97,"PRIVATE",1965,70,9,2,3,3
99,"PRIVATE",1965,70,9,3,3,3
78,"PRIVATE",1900,18,3,1,1,3
93,"PRIVATE",1900,18,3,3,2,3
84,"PRIVATE",1930,27,5,3,2,3
93,"PRIVATE",1930,27,5,3,2,3
91,"PRIVATE",1973,68,7,3,2,3
85,"PRIVATE",1958,66,7,1,2,2
75,"PRIVATE",1917,10,4,2,1,3
79,"PRIVATE",1917,10,4,3,1,3
81,"PRIVATE",1917,16,5,3,1,3
83,"SOCIAL HOUSING",2010,29,4,3,3,3
93,"SOCIAL HOUSING",1996,81,6,3,3,3
81,"PRIVATE",1954,26,3,3,2,3
93,"PRIVATE",1954,26,3,3,2,3
71,"PRIVATE",1970,137,14,2,1,3
92,"PRIVATE",1970,109,14,3,3,3
92,"PRIVATE",1970,109,14,3,2,3
73,"PRIVATE",1971,32,4,2,2,3
90,"TCHC",1967,135,16,3,3,2
89,"PRIVATE",1941,28,4,3,3,3
90,"PRIVATE",1941,37,4,3,2,3
81,"PRIVATE",1941,41,4,3,2,2
94,"PRIVATE",1941,41,4,3,3,3
96,"PRIVATE",1964,251,14,3,3,3
97,"PRIVATE",1964,251,14,3,2,3
82,"PRIVATE",1959,117,6,2,2,3
92,"PRIVATE",1962,112,7,3,2,3
96,"PRIVATE",1962,112,7,3,2,3
94,"PRIVATE",1971,113,7,3,1,3
83,"SOCIAL HOUSING",1993,166,14,2,1,2
95,"SOCIAL HOUSING",1993,166,14,3,2,3
91,"TCHC",1962,115,12,2,3,3
92,"TCHC",1962,115,12,1,1,3
94,"TCHC",1964,168,15,3,2,3
96,"TCHC",1964,168,15,3,3,3
89,"PRIVATE",1970,202,17,3,2,3
96,"PRIVATE",1970,221,18,3,3,3
96,"PRIVATE",1970,221,18,2,3,3
96,"PRIVATE",1953,11,3,3,2,3
97,"PRIVATE",1953,11,3,3,2,3
98,"PRIVATE",1953,11,3,3,2,3
98,"PRIVATE",1953,10,3,3,2,3
81,"TCHC",1957,31,3,1,3,3
85,"TCHC",1957,31,3,2,1,3
78,"TCHC",1957,31,3,2,3,3
84,"TCHC",1957,31,3,2,1,3
80,"TCHC",1957,31,3,1,3,3
88,"TCHC",1957,31,3,2,2,3
83,"TCHC",1957,30,4,2,2,3
79,"TCHC",1957,30,4,1,3,3
84,"TCHC",1957,30,4,1,2,3
80,"TCHC",1957,31,4,1,1,3
90,"TCHC",1957,31,4,3,2,3
86,"PRIVATE",1958,29,4,3,2,2
84,"PRIVATE",1958,29,4,3,1,3
94,"PRIVATE",1958,29,4,2,2,3
89,"PRIVATE",1958,30,4,2,2,3
88,"PRIVATE",1960,50,5,2,2,3
87,"PRIVATE",1960,29,4,3,2,3
78,"SOCIAL HOUSING",1950,10,3,1,1,3
90,"SOCIAL HOUSING",1950,10,3,3,2,3
76,"PRIVATE",1958,11,3,2,2,3
74,"PRIVATE",1958,11,3,1,1,3
70,"PRIVATE",1953,10,3,2,2,2
87,"PRIVATE",1962,37,5,3,2,3
83,"PRIVATE",1950,10,3,3,1,3
78,"PRIVATE",1950,16,3,2,1,2
79,"PRIVATE",1955,11,3,2,2,2
80,"PRIVATE",1955,17,4,3,1,3
91,"PRIVATE",1959,30,3,3,2,2
62,"PRIVATE",1964,67,7,2,1,3
72,"PRIVATE",1964,67,7,2,1,3
90,"PRIVATE",1966,80,9,2,1,3
93,"PRIVATE",1966,80,9,3,2,3
89,"PRIVATE",1967,77,8,3,2,3
80,"PRIVATE",1950,13,3,3,2,3
76,"PRIVATE",1956,13,3,2,1,2
89,"SOCIAL HOUSING",1983,130,9,3,2,3
92,"SOCIAL HOUSING",1983,130,9,3,3,3
91,"SOCIAL HOUSING",1989,164,11,3,3,3
91,"SOCIAL HOUSING",1989,164,11,3,2,3
88,"PRIVATE",1960,50,6,2,2,3
96,"PRIVATE",1967,275,21,3,2,3
90,"PRIVATE",1960,202,18,2,3,3
92,"PRIVATE",1960,202,18,3,3,3
94,"PRIVATE",1962,117,21,2,3,3
96,"PRIVATE",1962,117,21,3,3,3
94,"PRIVATE",1959,237,21,3,3,3
95,"PRIVATE",1959,237,21,3,2,3
92,"PRIVATE",1967,329,25,2,3,3
83,"TCHC",1973,275,20,2,2,2
90,"PRIVATE",1974,196,15,3,2,3
89,"PRIVATE",1970,195,15,3,2,3
91,"PRIVATE",1971,195,15,2,3,3
95,"PRIVATE",1974,196,15,3,3,3
98,"PRIVATE",1974,196,15,3,3,3
87,"PRIVATE",1974,197,15,2,3,3
95,"PRIVATE",1974,197,15,2,3,3
90,"PRIVATE",1922,31,4,3,3,3
85,"PRIVATE",1979,216,16,3,2,3
91,"SOCIAL HOUSING",1994,154,12,3,2,3
94,"TCHC",2010,110,12,3,3,3
98,"TCHC",2010,110,12,3,2,3
83,"PRIVATE",1927,35,3,3,2,3
92,"PRIVATE",1927,35,3,3,2,3
82,"PRIVATE",1973,375,23,2,1,3
92,"PRIVATE",1960,92,11,3,2,3
98,"PRIVATE",1960,92,11,3,2,3
88,"SOCIAL HOUSING",1988,25,4,3,2,3
90,"SOCIAL HOUSING",1988,25,4,2,2,3
92,"PRIVATE",1962,101,7,3,2,3
93,"TCHC",1980,114,7,3,3,3
83,"SOCIAL HOUSING",1984,200,8,3,3,3
87,"SOCIAL HOUSING",1984,200,8,2,2,2
99,"PRIVATE",2021,152,13,3,3,3
99,"PRIVATE",2021,152,13,3,3,3
100,"PRIVATE",2021,198,10,3,3,3
100,"PRIVATE",2021,198,10,3,3,3
84,"SOCIAL HOUSING",1967,112,13,1,2,2
93,"PRIVATE",1971,113,15,2,3,3
91,"PRIVATE",1971,113,15,3,3,3
74,"PRIVATE",1950,12,3,1,3,3
77,"PRIVATE",1950,12,3,2,2,3
65,"PRIVATE",1959,28,4,2,1,3
68,"PRIVATE",1959,18,4,2,2,3
89,"PRIVATE",1959,18,4,3,2,3
75,"SOCIAL HOUSING",1997,144,16,3,1,3
58,"PRIVATE",1960,15,3,1,1,3
90,"PRIVATE",1968,287,18,3,2,3
99,"SOCIAL HOUSING",1991,202,10,3,3,3
89,"SOCIAL HOUSING",1983,258,14,3,2,3
97,"SOCIAL HOUSING",1983,258,14,3,3,3
91,"PRIVATE",1968,218,28,3,2,3
98,"PRIVATE",1960,148,11,3,3,3
95,"PRIVATE",1969,75,7,3,2,3
91,"SOCIAL HOUSING",1995,138,15,2,2,2
93,"SOCIAL HOUSING",1995,138,15,3,2,3
73,"PRIVATE",1973,241,11,1,1,3
90,"TCHC",1980,155,7,3,2,3
91,"PRIVATE",1960,28,4,3,2,3
92,"PRIVATE",1959,41,3,3,3,3
95,"PRIVATE",1959,41,3,3,2,3
83,"PRIVATE",1968,370,22,3,2,3
88,"PRIVATE",1973,370,22,3,2,3
96,"PRIVATE",1973,370,22,3,2,3
76,"PRIVATE",1972,370,22,2,2,3
88,"PRIVATE",1972,370,22,3,2,3
93,"PRIVATE",1960,22,3,3,2,3
83,"PRIVATE",1957,12,3,2,2,3
87,"PRIVATE",1957,12,3,3,1,3
91,"PRIVATE",1958,11,3,3,3,3
93,"PRIVATE",1983,10,3,3,3,3
88,"PRIVATE",1958,22,3,3,2,3
88,"PRIVATE",1958,10,3,2,2,3
91,"PRIVATE",1958,10,3,3,2,3
91,"PRIVATE",1962,30,3,2,2,3
91,"PRIVATE",1962,30,3,3,2,3
93,"TCHC",1982,61,3,3,2,3
96,"TCHC",1982,61,3,3,2,3
100,"PRIVATE",2023,592,46,3,3,3
92,"SOCIAL HOUSING",1993,248,18,3,3,3
99,"SOCIAL HOUSING",1993,248,18,3,2,3
95,"SOCIAL HOUSING",1994,60,5,3,2,3
98,"SOCIAL HOUSING",1994,60,5,3,3,3
86,"PRIVATE",1950,12,3,3,2,3
91,"PRIVATE",1958,27,3,2,2,3
90,"PRIVATE",1958,27,3,3,2,3
98,"PRIVATE",1969,35,6,3,3,3
88,"PRIVATE",1960,142,13,3,3,2
94,"PRIVATE",1962,167,14,3,2,3
96,"PRIVATE",1962,167,14,3,2,3
88,"TCHC",1980,301,14,3,2,3
91,"PRIVATE",1965,64,4,3,2,3
90,"PRIVATE",1961,71,6,2,2,3
97,"PRIVATE",1961,71,6,3,2,3
92,"PRIVATE",1963,81,10,3,2,3
93,"PRIVATE",1963,81,10,2,2,3
97,"PRIVATE",1962,60,6,3,2,3
85,"PRIVATE",1968,60,6,3,2,3
79,"PRIVATE",1968,60,6,3,1,3
97,"PRIVATE",1959,92,6,3,2,3
96,"PRIVATE",1959,96,6,3,3,3
99,"PRIVATE",1959,96,6,3,3,3
84,"PRIVATE",1964,133,12,3,3,3
95,"PRIVATE",1964,108,12,3,2,3
97,"PRIVATE",1964,108,12,3,3,3
90,"PRIVATE",1969,120,12,2,2,3
95,"PRIVATE",1969,120,12,3,3,3
92,"PRIVATE",1967,149,11,3,2,3
95,"PRIVATE",1967,149,11,3,2,3
96,"PRIVATE",1967,247,19,3,3,3
92,"PRIVATE",1970,202,17,3,2,3
97,"PRIVATE",1970,202,17,3,3,3
79,"SOCIAL HOUSING",1982,90,6,2,1,3
92,"PRIVATE",1971,67,12,2,1,3
90,"PRIVATE",1960,170,13,3,2,3
96,"PRIVATE",1962,101,7,3,3,3
83,"PRIVATE",1962,101,7,3,2,2
96,"PRIVATE",1962,101,7,3,3,3
95,"PRIVATE",1962,154,12,3,3,3
99,"PRIVATE",1962,154,12,3,3,3
91,"PRIVATE",1964,157,14,3,2,3
95,"PRIVATE",1964,103,7,3,3,3
92,"PRIVATE",1964,104,7,3,2,3
92,"PRIVATE",1965,69,6,3,3,3
98,"PRIVATE",1965,69,6,3,3,3
81,"PRIVATE",1966,234,4,3,1,3
88,"PRIVATE",1966,234,4,3,2,3
87,"PRIVATE",1965,164,12,2,2,3
85,"PRIVATE",1969,83,4,3,2,3
99,"PRIVATE",1969,83,4,3,2,3
94,"PRIVATE",1965,164,12,3,3,3
89,"PRIVATE",1950,53,4,2,1,3
99,"PRIVATE",1950,53,4,3,3,3
81,"PRIVATE",1955,17,3,2,2,3
98,"PRIVATE",1955,26,4,3,2,3
89,"PRIVATE",1956,56,5,2,2,3
94,"PRIVATE",1956,56,5,3,2,3
75,"PRIVATE",1959,44,4,2,2,3
76,"PRIVATE",1959,44,4,2,1,3
83,"PRIVATE",1959,64,5,3,2,3
99,"PRIVATE",1959,64,5,3,3,3
98,"PRIVATE",1965,17,3,3,3,3
82,"PRIVATE",1968,218,9,1,2,3
94,"TCHC",1980,155,7,3,2,3
87,"SOCIAL HOUSING",1991,29,4,2,2,3
90,"SOCIAL HOUSING",1991,29,4,3,2,3
85,"SOCIAL HOUSING",2012,32,5,2,2,3
92,"SOCIAL HOUSING",2012,32,5,3,3,3
92,"SOCIAL HOUSING",1991,37,4,3,2,3
97,"SOCIAL HOUSING",1991,37,4,3,3,3
96,"TCHC",1973,29,4,2,3,3
97,"TCHC",1973,29,4,3,3,3
89,"TCHC",1960,81,4,3,2,3
65,"PRIVATE",1958,12,3,1,1,3
86,"PRIVATE",1958,12,3,3,2,3
89,"SOCIAL HOUSING",1986,149,7,3,2,3
76,"PRIVATE",1911,12,3,2,2,3
73,"PRIVATE",1911,12,3,1,1,3
79,"TCHC",1959,106,6,1,1,3
82,"TCHC",1959,106,6,2,2,2
96,"PRIVATE",2016,95,8,3,2,3
96,"PRIVATE",2016,95,8,3,2,3
94,"PRIVATE",1976,457,29,2,2,3
94,"PRIVATE",1976,638,29,2,2,3
94,"PRIVATE",1976,638,29,3,2,3
92,"SOCIAL HOUSING",1997,30,6,2,3,2
86,"SOCIAL HOUSING",1992,21,6,1,2,1
96,"SOCIAL HOUSING",1992,21,6,3,3,3
80,"PRIVATE",1960,16,3,3,1,3
92,"PRIVATE",1960,16,3,3,1,3
97,"PRIVATE",2021,131,7,3,3,3
87,"TCHC",1989,40,3,3,2,3
81,"PRIVATE",1960,33,4,2,1,3
91,"PRIVATE",1960,33,4,3,1,3
86,"PRIVATE",1960,33,4,3,1,3
76,"PRIVATE",1965,218,19,1,2,2
89,"PRIVATE",1952,66,5,3,2,3
94,"PRIVATE",1952,66,5,3,2,3
80,"PRIVATE",1965,12,3,3,2,3
79,"PRIVATE",1965,12,3,3,2,3
85,"PRIVATE",1965,12,3,3,2,3
74,"PRIVATE",1952,12,3,3,3,3
82,"TCHC",1973,16,4,3,2,3
90,"TCHC",1973,16,4,2,2,3
79,"TCHC",1973,16,4,2,2,3
86,"TCHC",1973,16,4,2,2,3
90,"TCHC",1973,16,4,3,2,3
77,"TCHC",1973,16,4,2,2,3
81,"TCHC",1973,16,4,3,3,3
90,"TCHC",1973,16,4,3,2,3
83,"TCHC",1973,16,4,3,3,3
90,"TCHC",1973,16,4,2,2,3
94,"PRIVATE",1958,11,3,3,2,3
97,"PRIVATE",1958,11,3,3,1,3
85,"PRIVATE",1957,23,3,3,3,3
93,"PRIVATE",1957,23,3,3,3,3
92,"PRIVATE",1957,23,3,3,3,3
88,"PRIVATE",1955,25,3,3,2,2
97,"PRIVATE",1955,25,3,3,3,3
96,"PRIVATE",1960,170,13,3,3,3
94,"PRIVATE",1960,170,13,2,3,3
91,"PRIVATE",1969,181,14,2,3,2
88,"TCHC",1972,389,14,2,2,3
92,"TCHC",1972,389,14,3,2,3
97,"PRIVATE",1974,281,21,3,3,3
84,"TCHC",1970,186,13,1,2,3
89,"PRIVATE",1971,188,14,3,2,2
95,"PRIVATE",2013,463,29,3,2,3
98,"PRIVATE",2005,293,33,3,3,3
93,"PRIVATE",1979,265,28,2,2,3
80,"PRIVATE",1940,38,4,3,2,3
90,"PRIVATE",1954,48,6,3,2,3
95,"PRIVATE",1965,69,6,3,2,3
96,"PRIVATE",1965,69,6,3,2,3
96,"PRIVATE",1953,19,4,3,3,3
98,"PRIVATE",1953,19,4,3,2,3
94,"PRIVATE",1953,19,4,3,3,3
85,"PRIVATE",1950,38,3,2,2,3
91,"PRIVATE",1950,38,3,3,3,3
97,"PRIVATE",2006,14,4,3,3,3
99,"PRIVATE",2006,14,4,3,2,3
73,"PRIVATE",1941,105,3,3,2,3
74,"PRIVATE",1960,26,3,1,1,3
89,"PRIVATE",1960,26,3,3,2,3
90,"PRIVATE",1965,112,4,3,2,3
93,"PRIVATE",1965,27,5,3,3,3
96,"PRIVATE",1965,27,5,3,3,3
88,"PRIVATE",1911,20,4,2,3,3
84,"PRIVATE",1968,218,9,3,2,3
94,"TCHC",1992,100,6,2,3,3
96,"TCHC",1992,100,6,3,3,3
93,"TCHC",1977,300,7,1,3,3
73,"PRIVATE",1961,86,10,2,1,3
79,"PRIVATE",1961,86,10,3,2,3
92,"PRIVATE",1965,117,12,3,2,3
84,"PRIVATE",1965,132,13,2,2,2
83,"PRIVATE",1967,207,13,3,2,3
91,"PRIVATE",1950,78,6,3,2,3
75,"PRIVATE",1972,466,23,3,1,3
81,"PRIVATE",1972,466,23,2,2,3
77,"PRIVATE",1972,262,23,3,1,3
79,"PRIVATE",1972,263,23,2,2,3
80,"PRIVATE",1972,263,23,2,1,3
81,"PRIVATE",1974,223,28,3,2,3
95,"PRIVATE",1967,74,8,3,2,3
78,"PRIVATE",1961,111,8,3,1,3
87,"PRIVATE",1961,110,8,3,2,3
92,"PRIVATE",1961,110,8,3,2,3
78,"PRIVATE",1915,21,3,3,1,3
91,"PRIVATE",1972,793,51,3,3,3
83,"PRIVATE",1981,147,32,2,3,3
88,"PRIVATE",1981,147,32,2,3,3
89,"PRIVATE",1977,250,21,3,3,3
96,"PRIVATE",1977,250,21,2,2,3
91,"PRIVATE",1936,41,4,3,2,3
97,"PRIVATE",1929,64,4,3,2,3
86,"TCHC",1987,144,15,2,2,3
92,"TCHC",1972,153,10,1,3,3
91,"TCHC",1972,132,10,1,3,3
91,"SOCIAL HOUSING",1990,208,12,3,2,3
97,"SOCIAL HOUSING",1990,208,12,3,3,3
97,"PRIVATE",1950,14,4,3,3,3
97,"PRIVATE",1950,14,4,3,3,3
96,"PRIVATE",1950,14,4,3,3,3
97,"PRIVATE",1950,14,4,3,3,3
96,"PRIVATE",1950,14,4,3,3,3
97,"PRIVATE",1950,14,4,3,3,3
98,"PRIVATE",1968,56,10,2,3,3
98,"PRIVATE",1968,56,10,3,3,3
82,"TCHC",1962,255,19,1,2,3
92,"TCHC",1962,255,19,3,3,3
100,"PRIVATE",2021,333,41,3,3,3
83,"PRIVATE",1960,45,7,2,3,3
92,"PRIVATE",1960,45,7,3,3,3
89,"PRIVATE",1970,172,24,2,1,2
80,"PRIVATE",1968,107,18,1,2,3
73,"PRIVATE",1917,32,5,2,1,3
99,"PRIVATE",2019,288,24,3,3,3
92,"PRIVATE",1963,162,15,2,2,3
98,"PRIVATE",1963,162,15,3,3,3
98,"PRIVATE",1966,575,30,3,2,3
99,"PRIVATE",1966,575,30,3,3,3
93,"TCHC",1977,156,16,1,3,3
85,"PRIVATE",1931,29,3,2,3,3
94,"PRIVATE",1931,29,3,3,3,3
83,"SOCIAL HOUSING",1992,41,6,3,3,3
93,"SOCIAL HOUSING",1992,41,6,3,3,3
76,"PRIVATE",1952,12,3,2,2,3
76,"PRIVATE",1952,12,3,3,3,3
84,"PRIVATE",1960,13,3,2,2,3
90,"PRIVATE",1960,13,3,2,2,3
82,"PRIVATE",1952,13,3,3,2,3
90,"PRIVATE",1970,63,6,3,2,3
93,"PRIVATE",1966,96,14,3,2,3
94,"PRIVATE",1966,96,14,3,3,3
88,"PRIVATE",1966,96,14,2,2,3
85,"PRIVATE",1976,366,29,3,3,3
90,"PRIVATE",1976,366,29,2,2,3
90,"PRIVATE",1975,277,29,2,2,3
95,"PRIVATE",1975,277,29,3,2,3
95,"PRIVATE",1968,128,10,3,2,3
88,"PRIVATE",1967,218,17,2,3,3
91,"PRIVATE",1965,287,18,3,2,3
99,"PRIVATE",1965,287,18,3,3,3
77,"PRIVATE",1956,29,4,2,2,3
83,"PRIVATE",1956,29,4,3,2,3
88,"PRIVATE",1955,15,4,2,2,3
96,"PRIVATE",1955,15,4,3,3,3
90,"TCHC",2000,25,7,2,2,3
97,"PRIVATE",1963,53,4,3,3,3
95,"PRIVATE",1950,26,4,3,3,3
98,"PRIVATE",1950,26,4,3,3,3
87,"PRIVATE",1960,28,4,3,2,3
72,"PRIVATE",1968,20,3,2,1,3
93,"PRIVATE",1964,304,3,3,3,2
94,"PRIVATE",1971,234,12,3,3,3
97,"PRIVATE",1971,172,12,3,3,3
99,"PRIVATE",1971,172,12,3,3,3
97,"PRIVATE",1971,235,12,3,2,3
90,"PRIVATE",1932,11,4,3,3,3
91,"PRIVATE",1932,11,4,3,3,3
95,"PRIVATE",1960,39,3,3,2,3
99,"PRIVATE",1960,39,3,3,3,3
87,"PRIVATE",2004,62,8,3,2,3
91,"PRIVATE",1924,12,3,3,2,3
77,"PRIVATE",1971,18,3,2,2,3
97,"PRIVATE",2003,306,27,3,3,3
99,"PRIVATE",2003,306,27,3,3,3
77,"PRIVATE",1964,250,12,2,3,3
96,"PRIVATE",1964,250,12,2,2,3
79,"PRIVATE",1971,253,16,3,2,2
76,"SOCIAL HOUSING",1885,28,3,3,1,3
92,"SOCIAL HOUSING",1885,28,3,2,3,3
69,"PRIVATE",1988,16,4,3,1,3
76,"TCHC",1971,326,22,1,2,3
88,"TCHC",1971,326,22,1,1,3
88,"PRIVATE",1960,55,5,2,3,3
93,"PRIVATE",1960,55,5,3,2,3
90,"PRIVATE",1960,73,4,3,2,3
85,"PRIVATE",1960,130,7,2,1,3
90,"PRIVATE",1960,130,7,3,3,3
98,"PRIVATE",2012,210,20,3,3,3
100,"PRIVATE",2012,210,20,3,3,3
90,"PRIVATE",1971,220,16,3,3,2
96,"PRIVATE",1970,189,14,3,3,3
91,"PRIVATE",1962,20,4,3,2,3
80,"PRIVATE",1940,12,3,1,1,3
76,"PRIVATE",1952,12,3,2,2,3
87,"PRIVATE",1952,12,3,2,3,3
90,"PRIVATE",1965,15,4,3,3,3
83,"TCHC",1996,115,13,2,2,3
82,"PRIVATE",1963,63,10,3,1,3
72,"PRIVATE",1965,41,6,2,1,3
83,"PRIVATE",1965,41,6,3,2,3
97,"PRIVATE",2005,388,28,3,2,3
99,"PRIVATE",2005,388,28,3,3,3
82,"TCHC",1972,120,13,2,1,1
81,"PRIVATE",1910,12,3,2,1,3
99,"PRIVATE",1910,12,3,3,2,3
95,"PRIVATE",1910,35,4,3,3,3
97,"PRIVATE",1910,35,4,3,2,3
23,"PRIVATE",1958,17,3,0,1,0
57,"SOCIAL HOUSING",1994,18,3,1,2,1
90,"SOCIAL HOUSING",1994,18,3,3,1,3
97,"PRIVATE",1929,49,4,3,3,3
100,"PRIVATE",1929,49,4,3,3,3
82,"PRIVATE",1960,30,3,3,2,1
97,"PRIVATE",1960,30,3,3,3,3
86,"PRIVATE",1955,19,3,3,2,3
74,"PRIVATE",1959,21,4,3,3,3
96,"SOCIAL HOUSING",1992,72,5,3,3,3
84,"TCHC",1971,384,20,2,2,3
99,"PRIVATE",1974,458,23,3,3,3
86,"PRIVATE",1900,36,3,3,2,3
78,"PRIVATE",1900,36,3,1,2,3
82,"PRIVATE",1900,36,3,1,2,3
87,"PRIVATE",1974,319,33,3,1,3
99,"PRIVATE",1974,319,33,3,2,3
76,"PRIVATE",1913,20,3,2,2,2
98,"PRIVATE",2021,210,9,3,3,3
100,"PRIVATE",2021,210,9,3,3,3
70,"PRIVATE",2006,171,6,3,1,2
72,"PRIVATE",2006,171,6,3,1,2
82,"PRIVATE",2008,74,5,3,2,3
48,"PRIVATE",1920,10,3,1,1,3
85,"SOCIAL HOUSING",1992,14,3,3,2,3
95,"SOCIAL HOUSING",1992,14,3,3,3,3
83,"SOCIAL HOUSING",1992,28,4,2,3,3
85,"SOCIAL HOUSING",1992,21,4,2,2,3
91,"SOCIAL HOUSING",1992,21,4,3,3,3
86,"SOCIAL HOUSING",1992,14,3,2,2,3
92,"SOCIAL HOUSING",1992,14,3,3,3,3
83,"SOCIAL HOUSING",1992,21,4,2,2,3
95,"SOCIAL HOUSING",1992,21,4,3,3,3
85,"SOCIAL HOUSING",1992,28,4,3,2,3
89,"SOCIAL HOUSING",1992,28,4,3,3,3
87,"SOCIAL HOUSING",1992,14,3,2,2,3
88,"PRIVATE",1964,213,12,3,3,3
92,"PRIVATE",1964,213,12,2,2,3
92,"PRIVATE",1960,75,6,3,2,3
87,"PRIVATE",1970,28,4,3,2,3
92,"PRIVATE",1974,49,6,2,2,3
79,"PRIVATE",1960,49,6,3,2,3
86,"PRIVATE",1955,48,6,2,2,3
99,"PRIVATE",1958,33,4,3,2,3
88,"PRIVATE",1964,212,12,3,2,3
96,"PRIVATE",1961,81,6,3,2,3
100,"PRIVATE",1961,81,6,3,3,3
96,"PRIVATE",1961,94,6,3,2,3
100,"PRIVATE",1961,94,6,3,3,3
86,"PRIVATE",1965,152,12,3,1,3
94,"PRIVATE",1965,152,12,3,2,3
81,"PRIVATE",1960,27,4,3,2,3
97,"PRIVATE",1950,24,3,3,3,3
99,"PRIVATE",1950,24,3,3,3,3
96,"PRIVATE",1954,41,6,3,2,3
84,"PRIVATE",1969,153,7,2,2,3
90,"PRIVATE",1970,96,12,3,3,3
96,"PRIVATE",1970,96,12,3,3,3
78,"PRIVATE",1959,10,3,1,2,1
65,"PRIVATE",1966,284,17,1,1,1
87,"PRIVATE",1966,284,17,3,1,3
80,"PRIVATE",1975,12,3,1,2,1
93,"PRIVATE",1975,12,3,3,3,3
84,"PRIVATE",1975,12,3,1,2,3
92,"PRIVATE",1975,12,3,3,3,3
84,"PRIVATE",1960,73,4,3,1,2
91,"PRIVATE",1960,73,4,3,3,3
90,"PRIVATE",1960,130,7,3,2,3
90,"PRIVATE",1960,130,7,2,2,3
87,"SOCIAL HOUSING",2007,68,4,2,3,3
99,"PRIVATE",2013,177,10,3,3,3
100,"PRIVATE",2013,177,10,3,3,3
94,"PRIVATE",1966,82,11,3,1,3
92,"PRIVATE",1954,22,4,2,2,3
84,"PRIVATE",1954,22,4,3,2,3
94,"PRIVATE",1954,22,4,3,1,3
88,"PRIVATE",1954,22,4,2,2,3
90,"PRIVATE",1940,14,4,3,2,3
85,"PRIVATE",1950,30,4,3,1,3
93,"PRIVATE",1952,39,4,2,2,3
96,"PRIVATE",1952,39,4,3,2,3
82,"PRIVATE",1952,27,3,3,2,3
88,"PRIVATE",1952,27,3,3,1,3
94,"PRIVATE",1956,22,4,3,2,3
96,"PRIVATE",1958,25,4,3,3,3
93,"PRIVATE",1956,22,4,3,1,3
95,"PRIVATE",1956,22,4,3,3,3
94,"PRIVATE",1954,32,4,3,3,3
95,"PRIVATE",1954,32,4,3,2,3
90,"PRIVATE",1952,29,4,3,3,3
92,"PRIVATE",1965,23,4,3,1,3
94,"PRIVATE",1965,23,4,3,2,3
94,"PRIVATE",1953,23,4,3,3,3
90,"PRIVATE",1955,19,3,3,2,3
85,"PRIVATE",1937,18,3,3,2,3
84,"PRIVATE",1937,18,3,2,3,3
96,"PRIVATE",1967,64,5,3,2,3
97,"PRIVATE",1967,64,5,3,3,3
85,"PRIVATE",1960,25,4,3,2,3
91,"PRIVATE",1960,25,4,3,2,3
89,"PRIVATE",1955,43,4,3,2,3
92,"PRIVATE",1951,37,4,3,2,3
91,"PRIVATE",1951,37,4,3,2,3
83,"PRIVATE",1951,37,4,3,1,3
85,"PRIVATE",1951,37,4,1,1,3
92,"PRIVATE",1951,47,4,3,2,3
67,"PRIVATE",1950,54,4,2,2,3
87,"PRIVATE",1950,54,4,2,2,3
83,"PRIVATE",1951,36,4,2,2,3
87,"PRIVATE",1951,36,4,2,2,3
67,"PRIVATE",1950,40,3,2,2,3
89,"PRIVATE",1950,40,3,3,2,3
88,"PRIVATE",1915,40,3,3,2,3
90,"PRIVATE",1958,35,3,2,2,3
92,"PRIVATE",1958,35,3,3,2,3
98,"PRIVATE",1981,195,7,3,3,3
98,"PRIVATE",1981,195,7,3,3,3
91,"TCHC",1989,157,7,3,1,3
93,"TCHC",1989,157,7,3,2,3
57,"PRIVATE",1970,12,3,2,1,1
76,"PRIVATE",1970,12,3,1,1,3
93,"SOCIAL HOUSING",1992,14,3,3,3,3
84,"PRIVATE",1967,90,9,2,2,3
37,"PRIVATE",1918,15,4,0,3,0
94,"PRIVATE",1918,15,4,3,2,3
76,"PRIVATE",1898,15,3,3,2,3
85,"PRIVATE",1898,15,3,3,2,3
94,"PRIVATE",1929,39,5,3,3,3
92,"SOCIAL HOUSING",1993,22,4,3,2,3
95,"SOCIAL HOUSING",1993,22,4,3,3,3
81,"PRIVATE",1940,21,3,2,2,3
89,"PRIVATE",1974,235,15,2,2,3
97,"PRIVATE",1969,383,24,3,3,3
97,"PRIVATE",2024,80,7,3,3,3
91,"SOCIAL HOUSING",1989,19,5,3,3,3
94,"SOCIAL HOUSING",1989,19,5,3,2,3
92,"SOCIAL HOUSING",1995,16,3,1,2,3
93,"SOCIAL HOUSING",1989,14,4,3,3,3
95,"SOCIAL HOUSING",1989,14,4,3,3,3
97,"TCHC",1965,41,6,3,2,3
98,"TCHC",1965,41,6,3,3,3
97,"PRIVATE",1965,200,24,3,3,3
98,"PRIVATE",1965,200,24,3,3,3
78,"PRIVATE",1960,24,4,2,2,3
91,"PRIVATE",1960,24,4,3,2,3
96,"PRIVATE",1960,62,4,3,2,3
88,"PRIVATE",1960,61,4,3,1,2
91,"PRIVATE",1960,61,4,3,1,3
90,"PRIVATE",1962,78,4,3,2,3
88,"PRIVATE",1958,12,3,3,3,3
100,"PRIVATE",1985,438,21,3,3,3
91,"TCHC",1979,275,18,3,2,3
95,"TCHC",1979,275,18,3,1,3
82,"SOCIAL HOUSING",1975,297,6,2,3,1
86,"SOCIAL HOUSING",1975,297,6,2,2,3
89,"PRIVATE",1961,47,4,3,2,3
78,"PRIVATE",1959,39,4,2,1,3
77,"PRIVATE",1962,30,4,3,1,3
85,"PRIVATE",1960,179,6,2,2,2
82,"PRIVATE",1969,170,14,3,3,3
86,"PRIVATE",1969,170,14,3,2,3
86,"PRIVATE",1967,244,9,3,2,2
82,"SOCIAL HOUSING",1983,141,12,2,2,3
93,"SOCIAL HOUSING",1983,141,12,3,2,3
87,"SOCIAL HOUSING",1987,123,14,2,2,3
95,"SOCIAL HOUSING",1987,123,14,3,2,3
92,"PRIVATE",1964,150,7,3,1,3
88,"PRIVATE",1970,85,11,2,2,3
94,"PRIVATE",1971,171,16,3,2,3
74,"TCHC",2008,15,4,2,2,3
89,"TCHC",2008,15,4,3,1,3
98,"PRIVATE",1970,121,11,3,3,3
78,"PRIVATE",1972,258,27,2,2,3
81,"PRIVATE",1972,258,27,3,2,3
77,"PRIVATE",1959,115,6,2,2,3
79,"PRIVATE",1959,115,6,3,1,3
77,"PRIVATE",1959,117,6,3,2,3
94,"PRIVATE",1954,50,4,3,3,3
86,"PRIVATE",1954,30,4,2,2,3
95,"PRIVATE",1954,30,4,3,1,3
91,"PRIVATE",1959,14,4,3,3,3
94,"PRIVATE",1959,14,4,2,3,3
98,"PRIVATE",1959,14,4,3,2,3
91,"PRIVATE",1952,13,4,3,3,3
92,"PRIVATE",1952,13,4,3,3,3
95,"PRIVATE",1952,13,4,3,2,3
94,"PRIVATE",1952,13,4,3,3,3
96,"PRIVATE",1952,13,4,3,2,3
91,"PRIVATE",1952,13,4,3,2,3
92,"PRIVATE",1952,13,4,3,3,3
90,"PRIVATE",1952,13,4,3,3,3
89,"PRIVATE",1952,13,4,3,2,3
96,"PRIVATE",1952,13,4,3,2,3
94,"PRIVATE",1952,15,4,3,3,3
94,"PRIVATE",1952,14,4,3,3,3
93,"PRIVATE",1952,14,4,3,3,3
96,"PRIVATE",1952,14,4,3,2,3
95,"PRIVATE",1959,56,4,3,2,3
97,"PRIVATE",1959,56,4,3,3,3
92,"PRIVATE",1956,44,6,3,1,3
97,"PRIVATE",1955,48,4,3,3,3
95,"PRIVATE",1955,48,4,3,3,3
95,"PRIVATE",1955,77,4,3,3,3
92,"PRIVATE",1955,52,4,3,3,3
98,"PRIVATE",1955,52,4,3,3,3
96,"PRIVATE",1992,17,3,3,3,3
95,"PRIVATE",1992,17,3,3,2,3
89,"PRIVATE",1972,206,14,3,3,3
92,"PRIVATE",1972,206,14,3,3,3
91,"PRIVATE",1970,206,14,3,2,3
95,"PRIVATE",1970,206,14,3,3,3
87,"PRIVATE",1971,293,23,2,2,3
89,"PRIVATE",1920,20,3,2,2,3
89,"PRIVATE",1968,17,3,3,2,3
85,"PRIVATE",1959,24,4,3,2,3
84,"TCHC",1993,48,6,3,3,3
99,"TCHC",1993,48,6,3,3,3
82,"SOCIAL HOUSING",1989,174,6,2,3,3
95,"SOCIAL HOUSING",1989,174,6,3,3,3
85,"TCHC",1989,128,5,2,2,3
94,"TCHC",1989,128,5,2,3,3
78,"PRIVATE",1958,38,4,2,2,3
92,"PRIVATE",1957,86,4,2,2,3
94,"PRIVATE",1957,86,4,3,2,3
80,"PRIVATE",1955,47,3,3,2,3
81,"PRIVATE",1935,40,6,3,2,3
86,"PRIVATE",1935,40,6,3,2,3
98,"PRIVATE",2022,61,9,3,3,3
99,"PRIVATE",2022,61,9,3,3,3
88,"PRIVATE",1912,32,3,3,1,3
84,"PRIVATE",1929,72,4,3,2,3
79,"PRIVATE",1930,43,3,2,1,3
79,"PRIVATE",1950,19,3,3,2,3
94,"PRIVATE",1962,78,4,3,2,3
87,"PRIVATE",1960,60,4,3,3,3
88,"PRIVATE",1960,60,4,2,2,3
86,"PRIVATE",1960,64,4,2,2,3
94,"PRIVATE",1960,64,4,3,2,3
94,"PRIVATE",1958,61,4,3,3,3
80,"PRIVATE",1960,69,4,3,2,3
87,"PRIVATE",1960,69,4,2,1,3
89,"PRIVATE",1958,60,4,3,2,3
95,"PRIVATE",1958,60,4,2,2,3
95,"PRIVATE",1960,60,4,3,3,3
93,"PRIVATE",1958,60,4,3,3,3
84,"SOCIAL HOUSING",1959,24,4,2,2,3
94,"SOCIAL HOUSING",1959,24,4,3,2,3
87,"TCHC",1956,53,4,3,2,3
79,"TCHC",1956,43,4,2,1,3
89,"PRIVATE",1968,172,13,3,2,3
99,"PRIVATE",1968,172,13,3,3,3
87,"PRIVATE",1928,68,6,3,2,3
90,"PRIVATE",1928,68,6,3,2,3
86,"SOCIAL HOUSING",2011,50,5,2,3,3
87,"SOCIAL HOUSING",2011,50,5,2,3,2
91,"TCHC",1981,266,15,2,2,3
97,"TCHC",1981,266,15,3,3,3
81,"PRIVATE",1930,24,4,2,2,3
80,"PRIVATE",1930,24,4,3,1,3
89,"TCHC",1972,99,10,3,2,3
86,"PRIVATE",1967,96,15,3,2,1
85,"TCHC",1970,306,16,1,3,3
92,"PRIVATE",1980,60,8,3,1,3
98,"PRIVATE",1980,60,8,3,2,3
89,"TCHC",2009,180,13,3,2,3
90,"TCHC",2009,180,13,1,3,3
93,"SOCIAL HOUSING",2005,84,5,3,3,3
94,"SOCIAL HOUSING",2005,84,5,3,2,3
84,"TCHC",1983,150,11,1,2,3
82,"SOCIAL HOUSING",1987,50,3,1,1,3
66,"PRIVATE",1967,118,11,1,1,3
70,"PRIVATE",1967,118,11,2,2,3
91,"SOCIAL HOUSING",1993,42,4,2,3,3
95,"SOCIAL HOUSING",1993,42,4,3,2,3
95,"PRIVATE",1957,12,3,2,3,3
97,"PRIVATE",1950,18,3,3,3,3
94,"PRIVATE",1950,23,3,2,2,2
97,"PRIVATE",1950,23,3,3,2,3
86,"PRIVATE",1963,244,19,3,2,3
97,"PRIVATE",1963,244,19,3,3,3
95,"PRIVATE",1963,217,29,3,3,3
99,"PRIVATE",1963,217,29,3,3,3
90,"PRIVATE",1963,244,18,3,2,3
72,"PRIVATE",1968,96,12,1,2,2
94,"PRIVATE",1968,96,12,3,3,3
96,"PRIVATE",1966,108,11,3,3,3
99,"PRIVATE",1966,108,11,3,3,3
85,"TCHC",1957,30,4,3,2,3
96,"PRIVATE",1955,65,4,3,3,3
100,"PRIVATE",1955,65,4,3,3,3
95,"PRIVATE",1951,66,4,3,3,3
93,"PRIVATE",1955,10,3,3,2,3
94,"PRIVATE",1955,10,3,3,2,3
65,"PRIVATE",1955,21,3,2,2,3
87,"PRIVATE",1955,21,3,2,3,2
81,"PRIVATE",1950,10,3,1,2,3
82,"PRIVATE",1955,13,3,2,2,3
90,"PRIVATE",1955,13,3,3,3,2
90,"PRIVATE",1955,13,3,3,3,2
92,"PRIVATE",1955,13,3,3,2,3
93,"PRIVATE",1955,13,3,3,3,3
68,"PRIVATE",1955,13,3,1,1,2
80,"PRIVATE",1950,14,3,3,2,3
78,"PRIVATE",1950,14,3,3,2,3
84,"PRIVATE",1962,34,4,3,2,3
91,"PRIVATE",1960,28,3,3,2,3
92,"PRIVATE",1960,28,3,3,2,3
89,"PRIVATE",1960,27,4,2,2,3
92,"PRIVATE",1960,27,4,2,2,3
92,"PRIVATE",1969,131,11,3,2,3
95,"PRIVATE",1969,131,11,2,2,3
91,"PRIVATE",2011,153,10,3,3,3
86,"PRIVATE",1974,61,7,3,2,3
91,"PRIVATE",1974,61,7,3,2,3
84,"PRIVATE",1972,103,13,3,2,3
88,"PRIVATE",1950,19,3,2,1,3
92,"PRIVATE",1963,81,7,3,2,3
90,"PRIVATE",1963,66,8,3,3,3
88,"PRIVATE",1964,133,8,3,2,3
86,"PRIVATE",1930,15,3,3,2,3
97,"SOCIAL HOUSING",2016,145,12,3,3,3
98,"SOCIAL HOUSING",2016,145,12,3,3,3
96,"PRIVATE",1973,285,37,3,3,3
85,"PRIVATE",1977,184,13,2,2,3
96,"PRIVATE",1977,184,13,3,2,3
85,"PRIVATE",1963,30,3,3,2,3
94,"PRIVATE",1963,30,3,3,2,3
90,"PRIVATE",1962,129,22,3,3,3
97,"PRIVATE",1962,129,22,3,2,3
92,"PRIVATE",1965,26,5,3,2,3
92,"PRIVATE",1965,26,5,3,3,3
91,"PRIVATE",1973,155,12,3,2,3
91,"PRIVATE",1968,118,12,3,2,3
93,"PRIVATE",1970,84,15,3,2,3
98,"PRIVATE",1970,84,15,3,3,3
82,"PRIVATE",1986,86,11,2,2,3
97,"PRIVATE",1986,86,11,3,3,3
98,"PRIVATE",1961,140,7,3,3,3
99,"PRIVATE",1961,140,7,3,3,3
94,"PRIVATE",1960,73,10,3,2,3
94,"PRIVATE",1955,36,3,3,2,3
96,"PRIVATE",1955,36,3,3,2,3
79,"PRIVATE",1950,24,3,3,3,3
100,"PRIVATE",1969,207,19,3,3,3
100,"PRIVATE",1969,207,19,3,3,3
90,"PRIVATE",1962,48,7,3,2,3
97,"PRIVATE",1962,48,7,3,3,3
85,"PRIVATE",1969,149,13,3,1,3
89,"PRIVATE",1969,149,13,3,3,3
97,"PRIVATE",1963,57,12,3,2,3
91,"PRIVATE",1957,65,6,3,2,3
90,"PRIVATE",1963,44,5,3,2,3
84,"PRIVATE",1965,52,12,3,3,2
92,"PRIVATE",1965,52,12,3,2,3
92,"PRIVATE",1960,90,10,3,2,3
93,"PRIVATE",1960,90,10,3,2,3
91,"PRIVATE",1963,57,9,3,3,2
92,"PRIVATE",1963,57,9,3,2,3
88,"PRIVATE",1959,72,6,2,2,3
93,"PRIVATE",1965,108,12,3,2,3
89,"PRIVATE",1964,51,8,3,3,3
89,"PRIVATE",1964,51,8,3,3,3
93,"PRIVATE",1965,54,10,3,2,3
94,"PRIVATE",1960,54,8,3,3,3
95,"PRIVATE",1960,54,8,3,3,3
97,"PRIVATE",1986,88,5,3,2,3
78,"PRIVATE",1954,18,3,2,2,3
88,"PRIVATE",1954,18,3,3,2,3
90,"PRIVATE",1961,37,4,3,2,3
92,"PRIVATE",1961,37,4,3,2,3
86,"PRIVATE",1954,44,4,2,2,3
91,"PRIVATE",1954,44,4,3,2,3
96,"SOCIAL HOUSING",1992,25,4,3,3,3
87,"PRIVATE",1954,22,4,3,3,3
96,"PRIVATE",1950,20,3,3,3,3
85,"PRIVATE",1954,19,4,3,3,3
94,"PRIVATE",1960,23,4,3,3,3
93,"PRIVATE",1960,23,4,3,2,3
91,"PRIVATE",1954,39,4,3,3,3
81,"PRIVATE",1953,38,3,3,2,3
91,"PRIVATE",1953,38,3,3,3,3
78,"PRIVATE",1958,24,4,3,3,3
92,"PRIVATE",1955,41,3,3,3,3
87,"PRIVATE",1943,25,4,3,2,3
94,"PRIVATE",1943,25,4,3,3,3
82,"PRIVATE",1953,25,4,3,3,3
32,"PRIVATE",1950,22,3,0,2,0
79,"PRIVATE",1950,11,3,3,1,3
89,"PRIVATE",1950,11,3,3,1,3
85,"PRIVATE",1958,12,3,3,2,3
89,"PRIVATE",1960,259,17,3,3,3
90,"PRIVATE",1979,372,21,3,2,3
94,"PRIVATE",1979,372,21,3,3,3
88,"PRIVATE",1970,167,12,3,2,3
93,"PRIVATE",1989,65,10,3,2,3
95,"PRIVATE",1971,167,12,3,3,3
99,"PRIVATE",1971,167,12,3,3,3
89,"PRIVATE",1971,177,13,3,3,3
97,"PRIVATE",1972,135,10,3,3,3
96,"PRIVATE",1972,135,10,3,3,3
91,"PRIVATE",1960,61,7,3,2,3
96,"PRIVATE",1960,61,7,3,2,3
88,"PRIVATE",1969,112,10,3,1,3
96,"PRIVATE",1963,124,9,3,3,3
96,"PRIVATE",1963,124,9,3,3,3
80,"PRIVATE",1960,53,6,2,2,3
84,"PRIVATE",1961,65,6,2,2,3
90,"PRIVATE",1961,65,6,3,2,3
92,"SOCIAL HOUSING",1992,102,6,1,2,3
94,"SOCIAL HOUSING",1992,102,6,3,2,3
88,"TCHC",1972,236,11,2,3,3
88,"TCHC",1972,236,11,2,3,3
93,"PRIVATE",1965,20,4,3,2,3
88,"PRIVATE",1960,18,4,3,2,3
88,"PRIVATE",1955,41,4,3,2,3
92,"PRIVATE",1960,70,6,3,2,2
93,"PRIVATE",1967,28,5,3,2,2
86,"PRIVATE",1960,21,3,2,2,3
90,"PRIVATE",1960,21,3,3,3,3
89,"PRIVATE",1956,52,4,2,2,3
92,"PRIVATE",1956,52,4,1,3,3
88,"PRIVATE",1960,37,4,3,3,3
68,"PRIVATE",1960,37,4,2,1,2
71,"PRIVATE",1950,46,6,1,2,3
72,"PRIVATE",1950,46,6,1,2,3
64,"PRIVATE",1967,44,5,1,2,2
64,"PRIVATE",1974,27,5,1,2,3
86,"PRIVATE",1950,57,6,3,2,3
98,"PRIVATE",1960,30,4,3,3,3
89,"PRIVATE",1956,48,6,3,3,3
92,"PRIVATE",1956,48,6,3,2,3
81,"PRIVATE",1960,17,3,3,1,3
96,"PRIVATE",1965,82,15,3,2,3
88,"PRIVATE",1958,29,4,3,2,3
93,"PRIVATE",1958,29,4,3,3,3
90,"PRIVATE",1962,153,12,3,1,3
93,"PRIVATE",1962,153,12,3,2,3
81,"PRIVATE",1950,83,6,3,2,3
96,"PRIVATE",1965,30,4,3,2,3
92,"PRIVATE",1965,30,4,3,2,3
87,"PRIVATE",1960,37,6,3,2,3
90,"PRIVATE",1959,47,6,3,2,3
89,"PRIVATE",1959,47,6,3,2,3
85,"PRIVATE",1965,45,6,3,2,3
86,"PRIVATE",1967,160,12,2,2,3
83,"PRIVATE",1968,33,4,2,2,3
92,"PRIVATE",1968,33,4,3,2,3
89,"PRIVATE",1965,95,8,2,2,3
75,"PRIVATE",1960,30,3,3,1,3
93,"PRIVATE",1959,38,6,3,2,3
98,"PRIVATE",1959,38,6,3,2,3
87,"SOCIAL HOUSING",2004,32,6,2,3,3
97,"SOCIAL HOUSING",2004,32,6,3,3,3
96,"PRIVATE",1955,40,6,3,2,3
97,"PRIVATE",1955,40,6,3,2,3
71,"PRIVATE",1950,43,4,2,2,3
90,"PRIVATE",1954,21,3,3,2,3
78,"PRIVATE",1958,23,4,2,3,2
84,"PRIVATE",1958,23,4,2,2,3
83,"PRIVATE",1945,24,3,2,2,3
93,"PRIVATE",1945,24,3,3,3,3
78,"PRIVATE",1944,16,3,2,3,3
90,"PRIVATE",1944,16,3,3,2,3
79,"PRIVATE",1954,12,3,3,2,3
90,"PRIVATE",1965,50,4,2,2,3
86,"PRIVATE",1962,49,6,2,2,1
92,"PRIVATE",1982,92,7,3,3,3
88,"PRIVATE",1982,203,9,2,3,3
94,"PRIVATE",1982,117,9,3,3,3
98,"PRIVATE",1982,117,9,3,2,3
91,"PRIVATE",1971,75,6,3,1,3
90,"PRIVATE",1971,94,6,3,1,3
94,"PRIVATE",1971,94,6,3,1,3
88,"PRIVATE",1958,110,6,3,1,3
90,"PRIVATE",1958,110,6,3,1,3
94,"PRIVATE",1960,107,7,3,2,3
97,"PRIVATE",1960,107,7,3,3,3
92,"PRIVATE",1968,91,6,3,2,3
95,"PRIVATE",1964,101,9,3,3,3
97,"PRIVATE",1964,101,9,3,2,3
91,"PRIVATE",1960,118,7,2,1,3
90,"PRIVATE",1960,118,7,3,1,3
93,"PRIVATE",1968,169,7,3,2,3
92,"PRIVATE",1974,192,14,3,2,3
97,"PRIVATE",1974,192,14,3,3,3
94,"PRIVATE",1957,13,3,3,3,3
84,"TCHC",1972,201,4,2,1,3
96,"TCHC",1972,201,4,3,3,3
93,"TCHC",1972,171,4,3,2,3
91,"PRIVATE",1930,28,4,3,1,3
86,"PRIVATE",1930,32,4,3,2,3
92,"PRIVATE",1960,11,3,3,3,3
94,"PRIVATE",1953,11,3,3,3,3
94,"PRIVATE",1953,11,3,3,3,3
81,"TCHC",1984,192,17,1,1,3
90,"TCHC",1984,192,17,2,2,3
97,"PRIVATE",1964,82,7,3,3,3
86,"TCHC",1968,257,14,3,1,3
90,"TCHC",1968,257,14,3,2,3
93,"PRIVATE",1974,175,14,3,3,3
96,"PRIVATE",1974,175,14,3,2,3
96,"PRIVATE",1974,167,13,3,2,3
98,"PRIVATE",1974,167,13,3,3,3
90,"PRIVATE",1974,167,13,3,2,3
91,"PRIVATE",1974,167,13,3,2,3
92,"PRIVATE",1974,175,14,3,3,3
92,"PRIVATE",1974,175,14,3,2,3
86,"PRIVATE",1959,124,11,3,1,3
89,"PRIVATE",1959,124,11,3,2,3
95,"PRIVATE",1956,96,8,3,2,3
95,"PRIVATE",1925,24,4,3,3,3
91,"PRIVATE",1925,18,3,3,2,3
77,"PRIVATE",1979,40,5,2,2,3
95,"PRIVATE",1972,190,13,3,2,3
89,"PRIVATE",1971,186,13,3,2,3
96,"PRIVATE",1971,186,13,3,2,3
91,"TCHC",1969,237,12,3,3,3
87,"PRIVATE",1950,23,3,3,2,3
89,"PRIVATE",1965,10,3,2,2,3
82,"TCHC",1987,119,10,2,2,3
93,"PRIVATE",1965,61,5,3,2,3
98,"PRIVATE",1965,61,5,3,3,3
91,"PRIVATE",1965,32,6,3,2,3
88,"PRIVATE",1962,47,3,3,2,3
95,"PRIVATE",1962,47,3,3,1,3
68,"PRIVATE",1962,12,3,1,2,3
62,"PRIVATE",1968,39,3,1,2,3
98,"TCHC",1969,190,14,3,2,3
91,"TCHC",1980,260,14,3,2,3
95,"TCHC",1980,260,14,3,3,3
85,"TCHC",1969,301,21,3,2,3
92,"TCHC",1969,301,21,2,2,3
84,"TCHC",1969,327,24,1,1,3
94,"TCHC",1969,327,24,2,2,3
77,"TCHC",1969,327,24,1,2,3
79,"PRIVATE",1972,336,25,2,2,3
88,"PRIVATE",1979,479,28,3,3,3
97,"PRIVATE",1948,41,6,3,3,3
98,"PRIVATE",1948,41,6,3,3,3
84,"PRIVATE",1963,157,14,2,1,3
85,"PRIVATE",1927,40,6,2,2,3
81,"PRIVATE",1927,40,6,3,2,3
84,"PRIVATE",1951,12,3,3,2,3
81,"PRIVATE",1950,11,3,2,2,3
94,"PRIVATE",1959,22,3,3,2,3
97,"PRIVATE",1959,22,3,3,3,3
74,"PRIVATE",1965,193,17,2,1,3
80,"PRIVATE",1965,193,17,2,1,3
93,"PRIVATE",1965,236,21,3,3,3
87,"PRIVATE",1953,26,4,3,2,3
99,"SOCIAL HOUSING",1983,127,8,3,3,3
100,"SOCIAL HOUSING",1983,127,8,3,3,3
86,"SOCIAL HOUSING",1995,13,3,2,2,3
94,"SOCIAL HOUSING",1995,13,3,3,3,3
90,"SOCIAL HOUSING",1989,14,4,3,2,3
97,"SOCIAL HOUSING",1989,14,4,3,3,3
92,"SOCIAL HOUSING",2003,44,3,3,2,3
97,"SOCIAL HOUSING",2002,30,3,3,2,3
96,"SOCIAL HOUSING",2002,30,3,3,2,3
92,"SOCIAL HOUSING",1990,11,3,3,2,3
99,"SOCIAL HOUSING",1990,11,3,3,3,3
89,"PRIVATE",1956,30,4,3,3,3
93,"PRIVATE",1956,30,4,3,2,3
90,"PRIVATE",1955,36,4,3,2,3
95,"PRIVATE",1955,36,4,3,2,3
89,"PRIVATE",1960,32,4,3,2,3
88,"PRIVATE",1958,27,4,3,1,3
93,"PRIVATE",1968,169,7,3,1,3
81,"PRIVATE",1962,75,7,2,3,3
83,"PRIVATE",1960,72,5,3,2,3
89,"PRIVATE",1960,72,5,3,1,3
85,"PRIVATE",1960,72,5,2,1,3
88,"PRIVATE",1960,72,5,3,1,3
88,"PRIVATE",1965,130,7,3,1,3
94,"PRIVATE",1965,130,7,3,3,3
95,"PRIVATE",1968,79,7,3,2,3
91,"PRIVATE",1965,70,6,2,2,3
92,"PRIVATE",1965,70,6,3,2,3
89,"PRIVATE",1953,70,6,3,1,3
87,"PRIVATE",1960,81,6,3,1,3
78,"PRIVATE",1960,82,7,3,1,3
78,"PRIVATE",1969,166,12,3,1,3
84,"TCHC",1965,161,12,1,3,3
77,"TCHC",1965,103,7,1,1,3
66,"PRIVATE",1965,221,16,1,2,1
88,"PRIVATE",1975,214,17,2,2,3
57,"PRIVATE",1950,18,3,1,2,3
80,"PRIVATE",1950,18,3,2,2,3
84,"PRIVATE",1920,18,3,2,2,3
89,"PRIVATE",1920,18,3,3,3,3
81,"PRIVATE",1955,31,3,3,3,3
93,"PRIVATE",1955,31,3,3,2,3
82,"PRIVATE",1957,25,5,3,3,3
96,"PRIVATE",1925,18,3,3,2,3
94,"PRIVATE",1925,19,3,3,1,3
92,"PRIVATE",1925,24,4,3,1,3
93,"PRIVATE",1925,24,4,3,3,3
93,"PRIVATE",1931,41,6,3,3,3
96,"PRIVATE",1931,41,6,3,3,3
95,"PRIVATE",1931,51,6,3,3,3
92,"PRIVATE",1937,39,6,2,3,3
91,"PRIVATE",1926,40,4,3,2,3
92,"PRIVATE",1965,47,8,3,2,3
88,"PRIVATE",1957,118,13,3,1,3
92,"PRIVATE",1956,118,13,3,2,3
96,"PRIVATE",1957,60,14,3,3,3
86,"PRIVATE",1952,63,12,2,2,3
90,"PRIVATE",1952,63,12,2,2,3
78,"PRIVATE",1955,63,11,2,2,3
89,"PRIVATE",1955,63,11,2,2,3
94,"PRIVATE",1955,57,11,3,2,3
88,"PRIVATE",1956,22,3,3,1,3
93,"PRIVATE",1955,62,11,3,3,3
84,"PRIVATE",1952,41,4,2,2,3
91,"PRIVATE",1952,41,4,3,2,3
94,"PRIVATE",1948,10,3,3,3,3
94,"PRIVATE",1948,10,3,3,2,3
89,"PRIVATE",1951,10,3,3,2,3
85,"PRIVATE",1952,10,4,2,2,3
92,"PRIVATE",1952,10,4,3,2,3
85,"PRIVATE",1950,10,3,2,2,3
56,"PRIVATE",1919,24,3,1,1,3
82,"TCHC",1980,326,18,1,2,3
93,"TCHC",1980,326,18,2,2,3
74,"PRIVATE",1970,170,20,1,1,3
82,"PRIVATE",1970,170,20,2,2,3
88,"PRIVATE",1920,12,3,3,3,3
90,"PRIVATE",1920,16,4,3,2,3
83,"SOCIAL HOUSING",1989,24,4,1,3,3
86,"SOCIAL HOUSING",1989,24,4,2,2,3
58,"PRIVATE",1928,26,3,1,1,3
75,"PRIVATE",1926,11,4,2,2,2
90,"PRIVATE",1926,11,4,3,2,3
72,"PRIVATE",1923,16,3,2,2,2
79,"PRIVATE",1923,16,3,1,1,3
84,"PRIVATE",1930,48,3,3,2,3
92,"PRIVATE",1930,48,3,3,3,3
87,"SOCIAL HOUSING",1992,94,6,2,2,3
96,"SOCIAL HOUSING",1992,94,6,3,2,3
95,"PRIVATE",1960,46,6,3,3,3
89,"PRIVATE",1930,24,3,3,3,3
92,"SOCIAL HOUSING",1982,115,9,3,2,3
96,"SOCIAL HOUSING",1982,115,9,3,3,3
99,"SOCIAL HOUSING",1992,80,6,3,3,3
100,"SOCIAL HOUSING",1992,80,6,3,3,3
67,"PRIVATE",1924,21,3,2,2,3
93,"PRIVATE",1924,21,3,3,3,3
88,"PRIVATE",1914,16,4,3,2,3
90,"PRIVATE",1956,38,4,3,2,3
91,"PRIVATE",1956,38,4,3,2,3
90,"PRIVATE",1955,36,4,3,2,3
94,"PRIVATE",1955,30,4,3,2,3
94,"PRIVATE",1955,30,4,3,3,3
94,"PRIVATE",1955,30,4,3,2,3
88,"PRIVATE",1971,584,29,3,2,3
95,"PRIVATE",1971,584,29,3,3,3
83,"PRIVATE",1971,587,29,1,1,3
88,"PRIVATE",1971,159,10,3,3,3
92,"PRIVATE",1971,159,10,3,1,3
96,"PRIVATE",1952,33,4,3,3,3
99,"PRIVATE",1952,33,4,3,3,3
90,"PRIVATE",1960,62,6,3,3,3
91,"PRIVATE",1956,32,5,3,1,3
93,"PRIVATE",1954,37,4,3,3,3
94,"PRIVATE",1954,37,4,3,3,3
85,"PRIVATE",1958,35,4,2,2,3
97,"PRIVATE",1958,35,4,3,2,3
91,"PRIVATE",1962,35,4,3,2,3
87,"PRIVATE",1955,60,5,3,2,3
80,"PRIVATE",1953,26,5,3,1,3
97,"PRIVATE",1953,26,5,3,2,3
90,"PRIVATE",1953,26,5,3,2,3
93,"PRIVATE",1954,110,5,3,2,3
94,"SOCIAL HOUSING",1996,53,4,2,3,3
93,"SOCIAL HOUSING",1996,53,4,3,3,3
95,"TCHC",1970,246,4,3,3,3
87,"PRIVATE",1957,25,5,3,3,3
82,"PRIVATE",1960,11,3,3,1,3
91,"PRIVATE",1960,11,3,2,3,3
80,"PRIVATE",1968,60,6,3,2,3
89,"PRIVATE",1961,102,8,3,1,3
84,"PRIVATE",1950,33,4,2,3,2
89,"PRIVATE",1950,27,4,3,2,3
94,"PRIVATE",1950,27,4,3,3,3
88,"PRIVATE",1950,32,4,3,3,3
90,"PRIVATE",1950,31,3,3,2,3
83,"PRIVATE",1930,17,3,3,3,3
84,"PRIVATE",1930,17,3,3,2,3
95,"PRIVATE",1952,87,7,3,2,3
97,"PRIVATE",1952,87,7,3,3,3
79,"TCHC",1941,57,4,3,2,3
79,"TCHC",1941,36,4,2,2,3
89,"TCHC",1941,36,4,2,1,3
75,"TCHC",1941,40,4,2,0,3
92,"PRIVATE",1980,146,7,2,2,3
90,"PRIVATE",1980,146,7,2,3,3
86,"PRIVATE",1955,34,4,3,2,3
87,"PRIVATE",1955,33,3,2,2,3
87,"PRIVATE",1955,33,3,2,1,3
74,"PRIVATE",1958,11,4,2,2,3
94,"PRIVATE",1958,11,4,3,2,3
79,"PRIVATE",1955,34,4,3,2,3
79,"PRIVATE",1954,34,4,2,1,3
94,"PRIVATE",1950,10,3,3,2,3
88,"PRIVATE",1960,10,3,3,1,3
79,"PRIVATE",1960,10,3,2,1,3
87,"PRIVATE",1960,10,3,3,2,3
90,"PRIVATE",1960,10,3,3,2,3
90,"PRIVATE",1965,40,4,3,3,3
96,"PRIVATE",1960,22,4,3,3,3
100,"PRIVATE",1960,22,4,3,3,3
80,"PRIVATE",1961,13,4,3,1,3
90,"PRIVATE",1961,13,4,3,2,3
85,"PRIVATE",1955,33,4,3,1,3
82,"PRIVATE",1953,54,3,3,2,3
84,"PRIVATE",1950,68,4,3,2,3
97,"PRIVATE",1950,68,4,3,2,3
99,"PRIVATE",1950,68,4,3,3,3
86,"PRIVATE",1950,64,4,3,1,3
96,"PRIVATE",1969,152,16,3,3,3
99,"PRIVATE",1969,152,16,3,3,3
59,"PRIVATE",1927,17,3,3,1,3
77,"PRIVATE",1927,17,3,3,2,3
66,"PRIVATE",1957,30,4,1,2,3
85,"PRIVATE",1966,263,18,2,2,3
100,"PRIVATE",1966,263,18,3,3,3
99,"PRIVATE",2017,342,30,3,3,3
100,"PRIVATE",2017,342,30,3,3,3
94,"PRIVATE",1965,286,18,3,3,3
97,"PRIVATE",1965,286,18,3,2,3
92,"PRIVATE",1968,48,4,3,3,3
78,"PRIVATE",1914,16,3,3,2,3
92,"PRIVATE",1914,16,3,3,2,3
88,"PRIVATE",1940,16,4,3,3,3
85,"PRIVATE",1940,16,4,2,2,3
88,"PRIVATE",1930,60,4,3,2,3
79,"PRIVATE",1929,24,3,2,3,3
89,"PRIVATE",1929,24,3,3,3,3
93,"PRIVATE",1920,12,3,3,2,3
94,"PRIVATE",1920,12,3,3,3,3
92,"PRIVATE",1923,22,4,3,3,3
81,"PRIVATE",1935,19,4,3,2,3
89,"PRIVATE",1938,22,3,3,3,3
89,"PRIVATE",1940,34,4,3,3,3
89,"PRIVATE",1944,27,4,3,3,3
82,"PRIVATE",1944,34,4,2,2,3
91,"PRIVATE",1960,42,5,3,3,3
87,"PRIVATE",1952,48,4,3,2,3
95,"PRIVATE",1952,48,4,3,3,3
82,"PRIVATE",1927,34,4,3,3,3
80,"PRIVATE",1940,45,5,3,2,3
95,"PRIVATE",1940,45,5,3,3,3
94,"PRIVATE",1960,14,3,3,3,3
96,"PRIVATE",1960,14,3,3,3,3
95,"PRIVATE",1949,21,3,3,2,3
90,"PRIVATE",1949,21,3,3,3,3
92,"PRIVATE",1949,21,4,3,2,3
87,"PRIVATE",1949,18,4,3,2,3
96,"PRIVATE",1967,175,13,3,2,3
97,"PRIVATE",1967,175,13,3,2,3
87,"PRIVATE",1966,112,4,3,3,2
87,"PRIVATE",1966,112,4,2,2,3
93,"SOCIAL HOUSING",1980,91,4,3,2,3
62,"PRIVATE",1985,24,3,2,1,3
88,"PRIVATE",1985,24,3,3,2,3
100,"PRIVATE",2024,240,30,3,3,3
85,"PRIVATE",1985,71,4,3,2,3
82,"PRIVATE",1960,10,3,3,2,3
88,"PRIVATE",1960,10,3,3,3,3
85,"PRIVATE",1973,12,3,3,2,3
85,"TCHC",2012,298,41,1,2,3
96,"TCHC",1978,131,5,3,2,3
74,"PRIVATE",1926,30,3,2,2,3
87,"TCHC",1988,109,4,2,2,3
85,"PRIVATE",1950,12,3,3,2,3
96,"SOCIAL HOUSING",1991,126,6,3,3,3
82,"SOCIAL HOUSING",1988,48,7,2,2,3
92,"SOCIAL HOUSING",1988,48,7,3,3,3
87,"PRIVATE",1970,335,23,3,2,3
92,"SOCIAL HOUSING",2007,25,4,1,3,3
90,"TCHC",1978,194,10,3,2,3
88,"PRIVATE",1962,15,4,3,2,3
90,"PRIVATE",1965,22,3,3,3,3
92,"PRIVATE",1959,24,3,3,2,3
95,"PRIVATE",1959,24,3,3,2,3
79,"SOCIAL HOUSING",1960,40,4,1,1,2
80,"PRIVATE",1960,37,3,2,2,3
74,"PRIVATE",1960,38,3,1,2,3
76,"PRIVATE",1960,38,3,2,2,3
82,"TCHC",1981,300,14,2,2,3
91,"TCHC",1981,300,14,2,2,3
72,"PRIVATE",1937,34,3,3,1,3
78,"PRIVATE",1960,41,3,3,1,3
79,"PRIVATE",1963,36,3,3,2,3
89,"PRIVATE",1959,78,5,3,2,3
93,"PRIVATE",1959,78,5,3,3,3
98,"PRIVATE",1950,37,4,3,3,3
81,"TCHC",1989,210,21,2,2,3
88,"SOCIAL HOUSING",1993,97,8,1,3,3
95,"PRIVATE",1975,25,4,3,3,3
97,"PRIVATE",1975,25,4,3,2,3
78,"PRIVATE",1950,28,4,3,2,3
74,"PRIVATE",1950,34,4,2,2,3
76,"PRIVATE",1950,34,4,3,1,3
83,"PRIVATE",1953,29,4,3,1,3
80,"SOCIAL HOUSING",2009,32,3,3,2,3
95,"PRIVATE",1953,49,4,3,3,3
95,"PRIVATE",1953,49,4,3,3,3
96,"SOCIAL HOUSING",1986,140,16,3,3,3
87,"PRIVATE",1960,10,3,3,3,3
92,"PRIVATE",1951,47,4,3,2,3
90,"PRIVATE",1960,47,3,2,2,3
92,"PRIVATE",1960,47,4,3,3,3
93,"PRIVATE",1968,48,4,3,2,3
92,"PRIVATE",1968,366,23,3,2,2
99,"PRIVATE",1968,366,23,2,2,3
90,"PRIVATE",1968,272,17,3,2,3
89,"PRIVATE",1968,202,27,3,2,3
88,"PRIVATE",1957,29,4,3,2,3
87,"PRIVATE",1962,10,3,3,1,3
91,"PRIVATE",1930,28,3,3,3,3
92,"PRIVATE",1930,27,3,3,2,3
93,"PRIVATE",1930,27,3,3,2,3
92,"PRIVATE",1965,89,12,2,2,3
94,"PRIVATE",1965,89,12,3,2,3
87,"PRIVATE",1927,19,3,2,2,3
90,"PRIVATE",1978,332,20,3,2,3
89,"PRIVATE",1954,19,4,3,3,3
75,"PRIVATE",1968,12,3,2,2,3
91,"PRIVATE",1968,12,3,3,2,3
75,"PRIVATE",1960,12,3,2,2,3
93,"PRIVATE",1960,12,3,3,2,3
84,"PRIVATE",1965,265,19,3,2,3
86,"PRIVATE",1967,234,17,2,2,3
74,"TCHC",1905,13,3,1,2,3
90,"PRIVATE",1950,10,3,3,2,3
90,"PRIVATE",1950,10,3,3,2,3
71,"PRIVATE",1962,10,3,3,2,3
82,"PRIVATE",1962,10,3,3,1,3
98,"PRIVATE",1962,15,4,3,3,3
72,"PRIVATE",1919,18,4,2,1,3
95,"PRIVATE",1949,18,4,3,2,3
90,"PRIVATE",1949,40,4,3,3,3
83,"PRIVATE",1957,15,3,3,3,3
87,"PRIVATE",1957,15,3,3,3,3
88,"PRIVATE",1955,16,3,3,2,3
94,"PRIVATE",1955,16,4,2,3,3
95,"PRIVATE",1955,16,4,3,3,3
93,"PRIVATE",1968,88,15,3,3,3
87,"TCHC",1957,30,4,3,2,3
67,"PRIVATE",1967,416,6,1,2,3
83,"PRIVATE",1967,416,6,3,1,3
90,"PRIVATE",1976,263,11,3,2,3
76,"SOCIAL HOUSING",1987,45,3,2,2,3
74,"SOCIAL HOUSING",1987,45,3,1,1,3
94,"TCHC",2001,167,11,3,2,3
93,"TCHC",1971,164,12,3,3,3
94,"TCHC",1971,164,12,3,3,3
91,"TCHC",1971,178,13,1,3,3
89,"TCHC",1971,178,13,3,1,3
86,"PRIVATE",1960,12,3,3,3,3
71,"PRIVATE",1958,16,4,1,2,3
84,"PRIVATE",1958,16,4,1,2,3
100,"PRIVATE",2023,262,18,3,3,3
92,"PRIVATE",1979,208,21,3,3,3
95,"PRIVATE",1979,208,21,3,3,3
85,"PRIVATE",1956,85,9,3,1,3
90,"PRIVATE",1958,20,3,2,2,3
90,"PRIVATE",1958,20,3,3,2,3
84,"PRIVATE",1958,21,3,2,2,3
97,"PRIVATE",1958,114,7,3,2,3
95,"PRIVATE",1960,95,7,3,2,3
98,"SOCIAL HOUSING",1978,179,8,3,3,3
99,"SOCIAL HOUSING",1978,179,8,3,3,3
87,"PRIVATE",1967,138,12,3,3,3
86,"PRIVATE",1967,138,12,3,2,3
88,"PRIVATE",1969,67,4,3,2,3
89,"PRIVATE",1967,48,4,3,2,3
93,"PRIVATE",1962,173,15,2,2,3
97,"PRIVATE",1962,173,15,3,3,3
94,"PRIVATE",1965,225,15,3,3,3
98,"PRIVATE",1965,225,15,3,3,3
90,"PRIVATE",1963,172,15,2,2,3
99,"PRIVATE",1963,172,15,3,3,3
89,"TCHC",1980,128,16,2,3,3
70,"PRIVATE",1969,26,3,1,1,3
80,"PRIVATE",1969,26,3,3,1,3
90,"TCHC",1968,460,25,2,3,3
79,"PRIVATE",1900,17,4,3,1,3
97,"PRIVATE",1967,25,5,3,3,3
89,"PRIVATE",1928,10,3,3,1,3
80,"SOCIAL HOUSING",1992,10,4,1,2,3
82,"SOCIAL HOUSING",1992,10,4,3,2,3
88,"TCHC",1978,186,9,3,2,3
84,"PRIVATE",1956,14,4,3,2,3
